Unnamed: 0,Date,HomeTeam,AwayTeam,FTHG,FTAG,HTGS,ATGS,HTGC,ATGC,HTP,ATP,MW,HTFormPts,ATFormPts,HTWinStreak3,HTWinStreak5,HTLossStreak3,HTLossStreak5,ATWinStreak3,ATWinStreak5,ATLossStreak3,ATLossStreak5,HTGD,ATGD,DiffPts,DiffFormPts
1,19/08/00,Chelsea,West Ham,4,2,0,0,0,0,0.0,0.0,1.0,0,0,0,0,0,0,0,0,0,0,0.0,0.0,0.0,0.0
18,23/08/00,West Ham,Leicester,0,1,2,0,4,0,0.0,0.5,2.0,0,1,0,0,0,0,0,0,0,0,-1.0,0.0,-0.5,-0.5
27,26/08/00,West Ham,Man United,2,2,2,3,5,1,0.0,1.3333333333333333,3.0,0,4,0,0,0,0,0,0,0,0,-1.0,0.6666666666666666,-1.3333333333333333,-1.3333333333333333
31,05/09/00,Sunderland,West Ham,1,1,3,4,5,7,0.75,0.25,4.0,3,1,0,0,0,0,0,0,0,0,-0.5,-0.75,0.5,0.5
48,11/09/00,Tottenham,West Ham,1,0,7,5,6,8,1.4,0.4,5.0,7,2,0,0,0,0,0,0,0,0,0.2,-0.6,1.0,1.0
58,17/09/00,West Ham,Liverpool,1,1,5,10,9,8,0.3333333333333333,1.6666666666666667,6.0,2,10,0,0,0,0,0,0,0,0,-0.6666666666666666,0.3333333333333333,-1.3333333333333333,-1.3333333333333333
60,23/09/00,Coventry,West Ham,0,3,6,6,9,10,1.0,0.4285714285714285,7.0,7,3,0,0,0,0,0,0,0,0,-0.4285714285714285,-0.5714285714285714,0.5714285714285714,0.5714285714285714
75,30/09/00,West Ham,Bradford,1,1,9,3,10,11,0.75,0.625,8.0,6,2,0,0,0,0,0,0,0,0,-0.125,-1.0,0.125,0.5
82,14/10/00,Ipswich,West Ham,1,1,11,10,10,11,1.2222222222222223,0.7777777777777778,9.0,7,6,0,0,0,0,0,0,0,0,0.1111111111111111,-0.1111111111111111,0.4444444444444444,0.1111111111111111
96,21/10/00,West Ham,Arsenal,1,2,11,15,12,9,0.8,1.8,10.0,6,11,0,0,0,0,0,0,0,0,-0.1,0.6,-1.0,-0.5
106,28/10/00,West Ham,Newcastle,1,0,12,11,14,9,0.7272727272727273,1.4545454545454546,11.0,6,6,0,0,0,0,0,0,0,0,-0.1818181818181818,0.1818181818181818,-0.7272727272727273,0.0
118,06/11/00,Derby,West Ham,0,0,16,13,28,14,0.4166666666666667,0.9166666666666666,12.0,1,8,0,0,0,0,0,0,0,0,-1.0,-0.0833333333333333,-0.5,-0.5833333333333334
126,11/11/00,West Ham,Man City,4,1,13,14,14,20,0.9230769230769232,1.0769230769230769,13.0,6,6,0,0,0,0,0,0,0,0,-0.0769230769230769,-0.4615384615384615,-0.1538461538461538,0.0
132,18/11/00,Leeds,West Ham,0,1,20,17,19,15,1.3571428571428572,1.0714285714285714,14.0,5,8,0,0,0,0,0,0,0,0,0.0714285714285714,0.1428571428571428,0.2857142857142857,-0.2142857142857142
145,25/11/00,Southampton,West Ham,2,3,19,18,24,15,1.1333333333333333,1.2,15.0,7,10,0,0,0,0,0,0,0,0,-0.3333333333333333,0.2,-0.0666666666666666,-0.2
156,02/12/00,West Ham,Middlesbrough,1,0,21,19,17,26,1.3125,0.6875,16.0,13,1,0,0,0,0,0,0,1,0,0.25,-0.4375,0.625,0.75
166,09/12/00,West Ham,Aston Villa,1,1,22,19,17,14,1.411764705882353,1.4705882352941178,17.0,13,6,0,0,0,0,0,0,0,0,0.2941176470588235,0.2941176470588235,-0.0588235294117647,0.4117647058823529
171,16/12/00,Everton,West Ham,1,1,19,23,28,18,1.1666666666666667,1.3888888888888888,18.0,9,13,1,0,0,0,1,0,0,0,-0.5,0.2777777777777778,-0.2222222222222222,-0.2222222222222222
184,23/12/00,Leicester,West Ham,2,1,20,24,14,19,1.6842105263157894,1.368421052631579,19.0,9,11,0,0,0,0,1,0,0,0,0.3157894736842105,0.2631578947368421,0.3157894736842105,-0.1052631578947368
197,26/12/00,West Ham,Charlton,5,0,25,26,21,30,1.3,1.25,20.0,8,4,0,0,0,0,0,0,0,0,0.2,-0.2,0.05,0.2
212,01/01/01,Man United,West Ham,3,1,48,31,15,24,2.136363636363636,1.318181818181818,22.0,8,5,0,0,0,0,0,0,0,0,1.5,0.3181818181818182,0.8181818181818182,0.1363636363636363
223,13/01/01,West Ham,Sunderland,0,2,31,29,26,22,1.2608695652173914,1.6956521739130437,23.0,4,10,0,0,0,0,0,0,0,0,0.217391304347826,0.3043478260869565,-0.4347826086956521,-0.2608695652173913
234,22/01/01,Charlton,West Ham,1,1,31,32,36,27,1.3333333333333333,1.25,24.0,10,4,0,0,0,0,0,0,0,0,-0.2083333333333333,0.2083333333333333,0.0833333333333333,0.25
244,31/01/01,West Ham,Tottenham,0,0,32,30,27,34,1.24,1.24,25.0,5,5,0,0,0,0,0,0,0,0,0.2,-0.16,0.0,0.0
250,03/02/01,Liverpool,West Ham,3,0,46,32,27,30,1.6923076923076923,1.1923076923076923,26.0,11,2,0,0,0,0,0,0,0,0,0.7307692307692307,0.0769230769230769,0.5,0.3461538461538461
264,12/02/01,West Ham,Coventry,1,1,33,23,31,45,1.1851851851851851,0.7777777777777778,27.0,3,1,0,0,0,0,0,0,0,0,0.074074074074074,-0.8148148148148148,0.4074074074074074,0.074074074074074
265,24/02/01,Bradford,West Ham,1,2,16,33,48,31,0.5925925925925926,1.1851851851851851,27.0,1,3,0,0,0,0,0,0,0,0,-1.1851851851851851,0.074074074074074,-0.5925925925925926,-0.074074074074074
274,03/03/01,Arsenal,West Ham,3,0,43,35,23,32,1.7857142857142858,1.25,28.0,11,6,0,0,0,0,0,0,0,0,0.7142857142857143,0.1071428571428571,0.5357142857142857,0.1785714285714285
284,07/03/01,West Ham,Chelsea,0,2,35,50,35,33,1.206896551724138,1.4482758620689655,29.0,5,8,0,0,0,0,0,0,0,0,0.0,0.5862068965517241,-0.2413793103448276,-0.1034482758620689
293,17/03/01,West Ham,Ipswich,0,1,35,43,37,36,1.1666666666666667,1.5333333333333334,30.0,4,6,0,0,0,0,0,0,0,0,-0.0666666666666666,0.2333333333333333,-0.3666666666666666,-0.0666666666666666
303,31/03/01,West Ham,Everton,0,2,35,31,38,44,1.1290322580645162,1.032258064516129,31.0,4,5,0,0,0,0,0,0,0,0,-0.0967741935483871,-0.4193548387096774,0.0967741935483871,-0.032258064516129
307,07/04/01,Aston Villa,West Ham,2,2,34,35,31,38,1.3225806451612905,1.1290322580645162,31.0,8,4,0,0,0,0,0,0,0,0,0.0967741935483871,-0.0967741935483871,0.1935483870967742,0.1290322580645161
326,14/04/01,West Ham,Derby,3,1,37,31,42,51,1.0909090909090908,1.0606060606060606,33.0,1,7,0,0,1,0,0,0,0,0,-0.1515151515151515,-0.6060606060606061,0.0303030303030303,-0.1818181818181818
331,16/04/01,Newcastle,West Ham,2,1,39,40,46,43,1.2647058823529411,1.1470588235294117,34.0,5,4,0,0,0,0,0,0,1,0,-0.2058823529411764,-0.088235294117647,0.1176470588235294,0.0294117647058823
342,21/04/01,West Ham,Leeds,0,2,41,52,45,39,1.1142857142857143,1.6857142857142855,35.0,4,15,0,0,0,0,1,1,0,0,-0.1142857142857142,0.3714285714285714,-0.5714285714285714,-0.3142857142857143
348,28/04/01,Man City,West Ham,1,0,37,41,60,45,0.8571428571428571,1.1142857142857143,35.0,4,4,0,0,0,0,0,0,0,0,-0.6571428571428571,-0.1142857142857142,-0.2571428571428571,0.0
364,05/05/01,West Ham,Southampton,3,0,41,35,48,45,1.054054054054054,1.2432432432432432,37.0,4,2,0,0,0,0,0,0,0,0,-0.1891891891891892,-0.2702702702702703,-0.1891891891891892,0.054054054054054
376,19/05/01,Middlesbrough,West Ham,2,1,42,44,43,48,1.0263157894736843,1.105263157894737,38.0,7,6,0,0,0,0,0,0,0,0,-0.0263157894736842,-0.1052631578947368,-0.0789473684210526,0.0263157894736842
384,18/08/01,Liverpool,West Ham,2,1,0,0,0,0,0.0,0.0,1.0,0,0,0,0,0,0,0,0,0,0,0.0,0.0,0.0,0.0
402,25/08/01,West Ham,Leeds,0,0,1,4,2,1,0.3333333333333333,2.0,3.0,1,6,0,0,0,0,0,0,0,0,-0.3333333333333333,1.0,-1.6666666666666667,-1.6666666666666667
407,08/09/01,Derby,West Ham,0,0,3,1,4,2,1.0,0.3333333333333333,3.0,3,1,0,0,0,0,0,0,0,0,-0.3333333333333333,-0.3333333333333333,0.6666666666666666,0.6666666666666666
420,15/09/01,Middlesbrough,West Ham,2,0,1,1,11,4,0.0,0.4,5.0,0,2,0,0,0,0,0,0,0,0,-2.0,-0.6,-0.4,-0.4
437,23/09/01,West Ham,Newcastle,3,0,4,10,4,9,0.8333333333333334,1.3333333333333333,6.0,5,8,0,0,0,0,0,0,0,0,0.0,0.1666666666666666,-0.5,-0.5
443,29/09/01,Everton,West Ham,5,0,7,4,10,9,1.0,0.7142857142857143,7.0,4,5,0,0,0,0,0,0,0,0,-0.4285714285714285,-0.7142857142857143,0.2857142857142857,-0.1428571428571428
458,14/10/01,Blackburn,West Ham,7,1,8,5,8,16,1.125,0.625,8.0,8,4,0,0,0,0,0,0,0,0,0.0,-1.375,0.5,0.5
465,20/10/01,West Ham,Southampton,2,0,7,5,16,14,0.8888888888888888,0.6666666666666666,9.0,6,6,0,0,0,0,0,0,0,0,-1.0,-1.0,0.2222222222222222,0.0
472,24/10/01,West Ham,Chelsea,2,1,9,13,17,9,1.1,1.4,10.0,9,6,0,0,0,0,0,0,0,0,-0.8,0.4,-0.3,0.3
481,28/10/01,Ipswich,West Ham,2,3,10,12,15,19,0.7272727272727273,1.2727272727272727,11.0,3,9,0,0,0,0,0,0,0,0,-0.4545454545454545,-0.6363636363636364,-0.5454545454545454,-0.5454545454545454
488,03/11/01,West Ham,Fulham,0,2,12,10,19,12,1.2727272727272727,1.0,11.0,9,6,0,0,0,0,0,0,0,0,-0.6363636363636364,-0.1818181818181818,0.2727272727272727,0.2727272727272727
502,19/11/01,Charlton,West Ham,4,4,16,16,17,25,1.0769230769230769,1.1538461538461535,13.0,5,10,0,0,0,0,1,0,0,0,-0.0769230769230769,-0.6923076923076923,-0.0769230769230769,-0.3846153846153846
508,24/11/01,West Ham,Tottenham,0,1,16,19,25,17,1.1538461538461535,1.3076923076923077,13.0,10,9,1,0,0,0,0,0,0,0,-0.6923076923076923,0.1538461538461538,-0.1538461538461538,0.0769230769230769
519,01/12/01,Sunderland,West Ham,1,0,12,16,14,26,1.1428571428571428,1.0714285714285714,14.0,4,7,0,0,0,0,0,0,0,0,-0.1428571428571428,-0.7142857142857143,0.0714285714285714,-0.2142857142857142
524,05/12/01,West Ham,Aston Villa,1,1,16,18,27,14,1.0,1.5333333333333334,15.0,4,5,0,0,0,0,0,0,0,0,-0.7333333333333333,0.2666666666666666,-0.5333333333333333,-0.0666666666666666
530,08/12/01,Man United,West Ham,0,1,31,17,27,28,1.3125,1.0,16.0,3,2,0,0,0,0,0,0,0,0,0.25,-0.6875,0.3125,0.0625
543,15/12/01,West Ham,Arsenal,1,1,18,34,28,18,1.1176470588235294,1.7647058823529411,17.0,5,11,0,0,0,0,0,0,0,0,-0.5882352941176471,0.9411764705882352,-0.6470588235294118,-0.3529411764705882
552,22/12/01,Leicester,West Ham,1,1,11,19,31,29,0.7777777777777778,1.1111111111111112,18.0,5,5,0,0,0,0,0,0,0,0,-1.1111111111111112,-0.5555555555555556,-0.3333333333333333,0.0
567,26/12/01,West Ham,Derby,4,0,20,14,30,31,1.105263157894737,0.8421052631578947,19.0,6,6,0,0,0,0,0,0,0,0,-0.5263157894736842,-0.8947368421052632,0.2631578947368421,0.0
576,29/12/01,West Ham,Liverpool,1,1,24,29,30,19,1.2,1.85,20.0,9,5,0,0,0,0,0,0,0,0,-0.3,0.5,-0.65,0.2
580,01/01/02,Leeds,West Ham,3,0,30,25,17,31,1.809523809523809,1.1904761904761905,21.0,10,9,0,0,0,0,0,0,0,0,0.6190476190476191,-0.2857142857142857,0.6190476190476191,0.0476190476190476
595,12/01/02,West Ham,Leicester,1,0,25,14,34,37,1.1363636363636365,0.7272727272727273,22.0,6,3,0,0,0,0,0,0,0,0,-0.4090909090909091,-1.0454545454545454,0.4090909090909091,0.1363636363636363
605,20/01/02,Chelsea,West Ham,5,1,35,26,22,34,1.4782608695652173,1.2173913043478262,23.0,7,8,0,0,0,0,0,0,0,0,0.5652173913043478,-0.3478260869565217,0.2608695652173913,-0.0434782608695652
618,30/01/02,Southampton,West Ham,2,0,27,27,37,39,1.0833333333333333,1.1666666666666667,24.0,7,7,0,0,0,0,0,0,0,0,-0.4166666666666667,-0.5,-0.0833333333333333,0.0
627,02/02/02,West Ham,Blackburn,2,0,27,32,41,32,1.12,1.0,25.0,4,3,0,0,0,0,0,0,0,0,-0.56,0.0,0.12,0.04
631,09/02/02,Bolton,West Ham,1,0,29,29,42,41,0.9615384615384616,1.1923076923076923,26.0,3,6,0,0,0,0,0,0,0,0,-0.5,-0.4615384615384615,-0.2307692307692307,-0.1153846153846153
646,23/02/02,West Ham,Middlesbrough,1,0,29,26,42,34,1.148148148148148,1.148148148148148,27.0,6,9,0,0,0,0,0,0,0,0,-0.4814814814814814,-0.2962962962962963,0.0,-0.1111111111111111
649,02/03/02,Aston Villa,West Ham,2,1,32,29,29,42,1.4074074074074074,1.148148148148148,27.0,9,6,0,0,0,0,0,0,0,0,0.1111111111111111,-0.4814814814814814,0.2592592592592592,0.1111111111111111
667,06/03/02,West Ham,Everton,1,0,31,27,44,34,1.1724137931034482,1.0344827586206895,29.0,6,3,0,0,0,0,0,0,0,0,-0.4482758620689655,-0.2413793103448276,0.1379310344827586,0.1034482758620689
677,16/03/02,West Ham,Man United,3,5,32,69,44,37,1.2333333333333334,1.933333333333333,30.0,9,13,0,0,0,0,1,0,0,0,-0.4,1.0666666666666669,-0.7,-0.1333333333333333
698,30/03/02,West Ham,Ipswich,3,1,38,38,50,49,1.25,1.0,32.0,9,2,0,0,0,0,0,0,1,0,-0.375,-0.34375,0.25,0.21875
703,01/04/02,Fulham,West Ham,0,1,31,39,39,50,1.0909090909090908,1.303030303030303,33.0,1,9,0,0,1,0,0,0,0,0,-0.2424242424242424,-0.3333333333333333,-0.2121212121212121,-0.2424242424242424
714,06/04/02,West Ham,Charlton,2,0,41,35,50,41,1.3529411764705883,1.2058823529411764,34.0,12,4,0,0,0,0,0,0,0,0,-0.2647058823529412,-0.1764705882352941,0.1470588235294117,0.2352941176470588
723,13/04/02,Tottenham,West Ham,1,1,45,42,49,51,1.2857142857142858,1.3428571428571427,35.0,7,10,0,0,0,0,0,0,0,0,-0.1142857142857142,-0.2571428571428571,-0.0571428571428571,-0.0857142857142857
732,20/04/02,West Ham,Sunderland,3,0,45,26,51,45,1.3888888888888888,1.0555555555555556,36.0,13,4,1,0,0,0,0,0,0,0,-0.1666666666666666,-0.5277777777777778,0.3333333333333333,0.25
736,24/04/02,Arsenal,West Ham,2,0,72,45,33,51,2.1666666666666665,1.3888888888888888,36.0,15,13,1,1,0,0,1,0,0,0,1.0833333333333333,-0.1666666666666666,0.7777777777777778,0.0555555555555555
744,27/04/02,Newcastle,West Ham,3,1,70,45,48,53,1.837837837837838,1.351351351351351,37.0,9,10,0,0,0,0,0,0,0,0,0.5945945945945946,-0.2162162162162162,0.4864864864864865,-0.027027027027027
759,11/05/02,West Ham,Bolton,2,1,46,43,56,60,1.3157894736842106,1.0526315789473684,38.0,7,4,0,0,0,0,0,0,0,0,-0.2631578947368421,-0.4473684210526316,0.2631578947368421,0.0789473684210526
769,19/08/2002,Newcastle,West Ham,4,0,0,0,0,0,0.0,0.0,1.0,0,0,0,0,0,0,0,0,0,0,0.0,0.0,0.0,0.0
779,24/08/2002,West Ham,Arsenal,2,2,0,2,4,0,0.0,1.5,2.0,0,3,0,0,0,0,0,0,0,0,-2.0,1.0,-1.5,-1.5
793,31/08/2002,West Ham,Charlton,0,2,2,4,8,5,0.25,0.75,4.0,1,3,0,0,0,0,0,0,0,0,-1.5,-0.25,-0.5,-0.5
807,11/09/2002,West Ham,West Brom,0,1,2,4,9,9,0.2,0.6,5.0,1,3,0,0,0,0,0,0,0,0,-1.4,-1.0,-0.4,-0.4
816,15/09/2002,Tottenham,West Ham,3,2,8,4,6,12,1.6666666666666667,0.1666666666666666,6.0,10,1,0,0,0,0,0,0,0,0,0.3333333333333333,-1.3333333333333333,1.5,1.5
824,21/09/2002,West Ham,Man City,0,0,4,7,12,9,0.2857142857142857,1.0,7.0,2,7,0,0,0,0,0,0,0,0,-1.1428571428571428,-0.2857142857142857,-0.7142857142857143,-0.7142857142857143
831,28/09/2002,Chelsea,West Ham,2,3,13,7,8,14,1.625,0.625,8.0,9,4,0,0,0,0,0,0,1,0,0.625,-0.875,1.0,0.625
841,05/10/2002,West Ham,Birmingham,1,2,8,8,16,10,0.5555555555555556,0.8888888888888888,9.0,4,7,0,0,0,0,0,0,0,0,-0.8888888888888888,-0.2222222222222222,-0.3333333333333333,-0.3333333333333333
853,19/10/2002,Sunderland,West Ham,0,1,4,9,13,16,0.8,0.8,10.0,3,7,0,0,1,0,0,0,0,0,-0.9,-0.7,0.0,-0.4
858,23/10/2002,Fulham,West Ham,0,1,14,9,9,16,1.5,0.8,10.0,8,7,0,0,0,0,0,0,0,0,0.5,-0.7,0.7,0.1
867,27/10/2002,West Ham,Everton,0,1,10,13,16,15,1.0,1.2727272727272727,11.0,10,9,0,0,0,0,0,0,0,0,-0.5454545454545454,-0.1818181818181818,-0.2727272727272727,0.0909090909090909
870,02/11/2002,Liverpool,West Ham,2,0,22,10,9,17,2.25,0.9166666666666666,12.0,15,9,1,1,0,0,0,0,0,0,1.0833333333333333,-0.5833333333333334,1.3333333333333333,0.5
888,10/11/2002,West Ham,Leeds,3,4,10,13,19,13,0.8461538461538461,1.0769230769230769,13.0,6,2,0,0,0,0,0,0,0,0,-0.6923076923076923,0.0,-0.2307692307692307,0.3076923076923077
898,17/11/2002,West Ham,Man United,1,1,13,17,23,12,0.7857142857142857,1.5714285714285714,14.0,6,8,0,0,0,0,0,0,0,0,-0.7142857142857143,0.3571428571428571,-0.7857142857142857,-0.1428571428571428
899,23/11/2002,Aston Villa,West Ham,4,1,10,13,12,23,1.0714285714285714,0.7857142857142857,14.0,6,6,0,0,0,0,0,0,0,0,-0.1428571428571428,-0.7142857142857143,0.2857142857142857,0.0
918,02/12/2002,West Ham,Southampton,0,1,15,17,28,17,0.75,1.25,16.0,1,7,0,0,1,0,0,0,0,0,-0.8125,0.0,-0.5,-0.375
925,07/12/2002,Middlesboro,West Ham,2,2,19,15,13,29,1.411764705882353,0.7058823529411765,17.0,6,1,0,0,0,0,0,0,0,0,0.3529411764705882,-0.8235294117647058,0.7058823529411765,0.2941176470588235
932,14/12/2002,Man United,West Ham,3,0,27,17,17,31,1.7777777777777777,0.7222222222222222,18.0,10,2,0,0,0,0,0,0,0,0,0.5555555555555556,-0.7777777777777778,1.0555555555555556,0.4444444444444444
945,21/12/2002,West Ham,Bolton,1,1,17,19,34,32,0.6842105263157895,0.7894736842105263,19.0,2,3,0,0,0,0,0,0,0,0,-0.8947368421052632,-0.6842105263157895,-0.1052631578947368,-0.0526315789473684
958,26/12/2002,West Ham,Fulham,1,1,18,22,35,25,0.7,1.1,20.0,2,6,0,0,0,0,0,0,0,0,-0.85,-0.15,-0.4,-0.2
960,28/12/2002,Blackburn,West Ham,2,2,26,19,23,36,1.3333333333333333,0.7142857142857143,21.0,8,3,0,0,0,0,0,0,0,0,0.1428571428571428,-0.8095238095238095,0.6190476190476191,0.238095238095238
984,11/01/2003,West Ham,Newcastle,2,2,23,37,40,31,0.7391304347826086,1.6956521739130437,23.0,4,10,0,0,0,0,0,0,0,0,-0.7391304347826086,0.2608695652173913,-0.9565217391304348,-0.2608695652173913
995,19/01/2003,Arsenal,West Ham,3,1,49,24,24,43,2.0416666666666665,0.7083333333333334,24.0,13,4,0,0,0,0,0,0,0,0,1.0416666666666667,-0.7916666666666666,1.3333333333333333,0.375
997,22/01/2003,Charlton,West Ham,4,2,26,24,30,43,1.25,0.7083333333333334,24.0,6,4,0,0,0,0,0,0,0,0,-0.1666666666666666,-0.7916666666666666,0.5416666666666666,0.0833333333333333
1007,29/01/2003,West Ham,Blackburn,2,1,26,30,47,26,0.68,1.36,25.0,3,7,0,0,0,0,0,0,0,0,-0.84,0.16,-0.68,-0.16
1016,02/02/2003,West Ham,Liverpool,0,3,28,34,48,25,0.7692307692307693,1.5,26.0,5,6,0,0,0,0,0,0,0,0,-0.7692307692307693,0.3461538461538461,-0.7307692307692307,-0.0384615384615384
1022,08/02/2003,Leeds,West Ham,1,0,33,28,34,51,1.148148148148148,0.7407407407407407,27.0,4,4,0,0,0,0,0,0,0,0,-0.037037037037037,-0.8518518518518519,0.4074074074074074,0.0
1037,23/02/2003,West Brom,West Ham,1,2,20,28,41,52,0.75,0.7142857142857143,28.0,5,3,0,0,0,0,0,0,0,0,-0.75,-0.8571428571428571,0.0357142857142857,0.0714285714285714
1044,01/03/2003,West Ham,Tottenham,2,0,30,41,53,38,0.7931034482758621,1.4827586206896552,29.0,6,8,0,0,0,0,0,0,0,0,-0.7931034482758621,0.1034482758620689,-0.6896551724137931,-0.0689655172413793
1053,15/03/2003,Everton,West Ham,0,0,38,32,34,53,1.6333333333333333,0.8666666666666667,30.0,10,9,0,0,0,0,0,0,0,0,0.1333333333333333,-0.7,0.7666666666666667,0.0333333333333333
1066,22/03/2003,West Ham,Sunderland,2,0,32,19,53,48,0.8709677419354839,0.6129032258064516,31.0,7,0,0,0,0,0,0,0,1,1,-0.6774193548387096,-0.935483870967742,0.2580645161290322,0.2258064516129032
1075,05/04/2003,Southampton,West Ham,1,1,34,34,32,53,1.375,0.9375,32.0,5,10,0,0,0,0,0,0,0,0,0.0625,-0.59375,0.4375,-0.15625
1088,12/04/2003,West Ham,Aston Villa,2,2,35,34,54,38,0.9393939393939394,1.121212121212121,33.0,11,2,0,0,0,0,0,0,1,0,-0.5757575757575758,-0.1212121212121212,-0.1818181818181818,0.2727272727272727
1092,19/04/2003,Bolton,West Ham,1,0,36,37,48,56,1.0294117647058822,0.9411764705882352,34.0,9,9,0,0,0,0,0,0,0,0,-0.3529411764705882,-0.5588235294117647,0.088235294117647,0.0
1107,21/04/2003,West Ham,Middlesboro,1,0,37,42,57,37,0.9142857142857144,1.3142857142857145,35.0,6,8,0,0,0,0,0,0,0,0,-0.5714285714285714,0.1428571428571428,-0.4,-0.0571428571428571
1117,27/04/2003,Man City,West Ham,0,1,45,38,51,57,1.3333333333333333,0.9722222222222222,36.0,7,8,0,0,0,0,0,0,0,0,-0.1666666666666666,-0.5277777777777778,0.3611111111111111,-0.0277777777777777
1127,03/05/2003,West Ham,Chelsea,1,0,39,66,57,36,1.027027027027027,1.7297297297297298,37.0,8,10,0,0,0,0,0,0,0,0,-0.4864864864864865,0.8108108108108109,-0.7027027027027027,-0.054054054054054
1130,11/05/2003,Birmingham,West Ham,2,2,39,40,47,57,1.236842105263158,1.0789473684210529,38.0,12,10,1,0,0,0,0,0,0,0,-0.2105263157894736,-0.4473684210526316,0.1578947368421052,0.0526315789473684
1907,13/08/05,West Ham,Blackburn,3,1,0,0,0,0,0.0,0.0,1.0,0,0,0,0,0,0,0,0,0,0,0.0,0.0,0.0,0.0
1915,20/08/05,Newcastle,West Ham,0,0,0,3,2,1,0.0,1.5,2.0,0,3,0,0,0,0,0,0,0,0,-1.0,1.0,-1.5,-1.5
1932,27/08/05,West Ham,Bolton,1,2,4,4,3,3,1.0,1.0,4.0,4,4,0,0,0,0,0,0,0,0,0.25,0.25,0.0,0.0
1945,12/09/05,West Ham,Aston Villa,4,0,8,4,3,4,1.4,1.0,5.0,7,5,0,0,0,0,0,0,0,0,1.0,0.0,0.4,0.4
1948,17/09/05,Fulham,West Ham,1,2,3,8,6,3,0.8,1.4,5.0,4,7,0,0,0,0,0,0,0,0,-0.6,1.0,-0.6,-0.6
1963,24/09/05,West Ham,Arsenal,0,0,10,9,4,4,1.5714285714285714,1.4285714285714286,7.0,8,7,0,0,0,0,0,0,0,0,0.8571428571428571,0.7142857142857143,0.1428571428571428,0.1428571428571428
1970,01/10/05,Sunderland,West Ham,1,1,5,11,10,5,0.5,1.5,8.0,4,8,0,0,1,0,0,0,0,0,-0.625,0.75,-1.0,-0.5
1984,16/10/05,Man City,West Ham,2,1,9,12,6,7,1.5555555555555556,1.3333333333333333,9.0,7,8,0,0,0,0,0,0,0,0,0.3333333333333333,0.5555555555555556,0.2222222222222222,-0.1111111111111111
1995,23/10/05,West Ham,Middlesbrough,2,1,14,10,8,12,1.5,1.2,10.0,8,8,0,0,0,0,0,0,0,0,0.6,-0.2,0.3,0.0
1999,29/10/05,Liverpool,West Ham,2,0,7,14,8,8,1.3,1.5,10.0,7,8,0,0,0,0,0,0,0,0,-0.1,0.6,-0.2,-0.1
2012,05/11/05,West Ham,West Brom,1,0,15,9,10,21,1.5,0.6666666666666666,12.0,7,3,0,0,0,0,0,0,0,0,0.4166666666666667,-1.0,0.8333333333333334,0.3333333333333333
2024,20/11/05,Tottenham,West Ham,1,1,13,16,8,11,1.5384615384615383,1.4615384615384617,13.0,8,7,0,0,0,0,0,0,0,0,0.3846153846153846,0.3846153846153846,0.0769230769230769,0.0769230769230769
2034,27/11/05,West Ham,Man United,1,2,17,21,13,13,1.3571428571428572,1.9285714285714288,14.0,7,10,0,0,0,0,0,0,0,0,0.2857142857142857,0.5714285714285714,-0.5714285714285714,-0.2142857142857142
2045,05/12/05,Birmingham,West Ham,1,2,9,19,19,14,0.6,1.4666666666666666,15.0,3,7,0,0,1,0,0,0,0,0,-0.6666666666666666,0.3333333333333333,-0.8666666666666667,-0.2666666666666666
2047,10/12/05,Blackburn,West Ham,3,2,15,19,18,14,1.2,1.4666666666666666,15.0,7,7,0,0,0,0,0,0,0,0,-0.2,0.3333333333333333,-0.2666666666666666,0.0
2056,14/12/05,Everton,West Ham,1,2,8,21,17,17,1.0625,1.375,16.0,10,7,0,0,0,0,0,0,0,0,-0.5625,0.25,-0.3125,0.1875
2063,17/12/05,West Ham,Newcastle,2,4,23,14,18,15,1.4705882352941178,1.2941176470588236,17.0,7,7,0,0,0,0,0,0,0,0,0.2941176470588235,-0.0588235294117647,0.1764705882352941,0.0
2073,26/12/05,Portsmouth,West Ham,1,1,13,25,26,22,0.7222222222222222,1.3888888888888888,18.0,3,6,0,0,1,0,0,0,0,0,-0.7222222222222222,0.1666666666666666,-0.6666666666666666,-0.1666666666666666
2083,28/12/05,West Ham,Wigan,0,2,26,23,23,21,1.368421052631579,1.631578947368421,19.0,7,6,0,0,0,0,0,0,1,0,0.1578947368421052,0.1052631578947368,-0.2631578947368421,0.0526315789473684
2085,31/12/05,Charlton,West Ham,2,0,23,26,27,23,1.3157894736842106,1.368421052631579,19.0,6,7,0,0,0,0,0,0,0,0,-0.2105263157894736,0.1578947368421052,-0.0526315789473684,-0.0526315789473684
2101,02/01/06,West Ham,Chelsea,1,3,26,43,27,9,1.238095238095238,2.619047619047619,21.0,4,15,0,0,0,0,1,1,0,0,-0.0476190476190476,1.619047619047619,-1.380952380952381,-0.5238095238095238
2105,14/01/06,Aston Villa,West Ham,1,2,23,26,29,27,1.0476190476190477,1.238095238095238,21.0,6,4,0,0,0,0,0,0,0,0,-0.2857142857142857,-0.0476190476190476,-0.1904761904761904,0.0952380952380952
2123,23/01/06,West Ham,Fulham,2,1,29,26,31,30,1.2608695652173914,1.1304347826086956,23.0,4,7,0,0,0,0,0,0,0,0,-0.0869565217391304,-0.1739130434782608,0.1304347826086956,-0.1304347826086956
2128,01/02/06,Arsenal,West Ham,2,3,34,29,16,31,1.608695652173913,1.2608695652173914,23.0,8,4,0,0,0,0,0,0,0,0,0.782608695652174,-0.0869565217391304,0.3478260869565217,0.1739130434782608
2141,04/02/06,West Ham,Sunderland,2,0,34,17,34,45,1.4,0.36,25.0,9,3,0,0,0,0,0,0,0,0,0.0,-1.12,1.04,0.24
2154,13/02/06,West Ham,Birmingham,3,0,36,21,34,37,1.4615384615384617,0.7692307692307693,26.0,12,4,0,0,0,0,0,0,0,0,0.0769230769230769,-0.6153846153846154,0.6923076923076923,0.3076923076923077
2173,04/03/06,West Ham,Everton,2,2,41,19,36,34,1.5,1.2857142857142858,28.0,13,10,1,0,0,0,0,0,0,0,0.1785714285714285,-0.5357142857142857,0.2142857142857142,0.1071428571428571
2179,11/03/06,Bolton,West Ham,4,1,37,41,28,36,1.6071428571428572,1.5,28.0,8,13,0,0,0,0,1,0,0,0,0.3214285714285714,0.1785714285714285,0.1071428571428571,-0.1785714285714285
2195,18/03/06,West Ham,Portsmouth,2,4,44,20,44,49,1.4,0.7,30.0,7,3,0,0,0,0,0,0,1,0,0.0,-0.9666666666666668,0.7,0.1333333333333333
2202,25/03/06,Wigan,West Ham,1,2,35,46,36,45,1.4838709677419355,1.4516129032258065,31.0,7,7,0,0,0,0,0,0,0,0,-0.032258064516129,0.032258064516129,0.032258064516129,0.0
2207,29/03/06,Man United,West Ham,1,0,61,46,29,45,2.129032258064516,1.4516129032258065,31.0,15,7,1,1,0,0,0,0,0,0,1.032258064516129,0.032258064516129,0.6774193548387096,0.2580645161290322
2216,02/04/06,West Ham,Charlton,0,0,46,37,46,42,1.40625,1.3125,32.0,4,8,0,0,0,0,0,0,0,0,0.0,-0.15625,0.09375,-0.125
2224,09/04/06,Chelsea,West Ham,4,1,60,46,19,46,2.393939393939394,1.393939393939394,33.0,10,4,0,0,0,0,0,0,0,0,1.2424242424242424,0.0,1.0,0.1818181818181818
2236,15/04/06,West Ham,Man City,1,0,47,40,50,40,1.3529411764705883,1.1764705882352942,34.0,4,0,0,0,0,0,0,0,1,1,-0.088235294117647,0.0,0.1764705882352941,0.1176470588235294
2241,17/04/06,Middlesbrough,West Ham,2,0,47,48,55,50,1.2285714285714286,1.4,35.0,9,7,0,0,0,0,0,0,0,0,-0.2285714285714285,-0.0571428571428571,-0.1714285714285714,0.0571428571428571
2254,26/04/06,West Ham,Liverpool,1,2,48,49,52,22,1.3611111111111112,2.0277777777777777,36.0,4,15,0,0,0,0,1,1,0,0,-0.1111111111111111,0.75,-0.6666666666666666,-0.3055555555555556
2265,01/05/06,West Brom,West Ham,0,1,29,49,55,54,0.7837837837837838,1.3243243243243243,37.0,2,4,0,0,0,0,0,0,0,0,-0.7027027027027027,-0.1351351351351351,-0.5405405405405406,-0.054054054054054
2279,07/05/06,West Ham,Tottenham,2,1,50,52,54,36,1.368421052631579,1.7105263157894737,38.0,6,10,0,0,0,0,0,0,0,0,-0.1052631578947368,0.4210526315789473,-0.3421052631578947,-0.1052631578947368
2287,19/08/06,West Ham,Charlton,3,1,0,0,0,0,0.0,0.0,1.0,0,0,0,0,0,0,0,0,0,0,0.0,0.0,0.0,0.0
2291,22/08/06,Watford,West Ham,1,1,1,3,2,1,0.0,1.5,2.0,0,3,0,0,0,0,0,0,0,0,-0.5,1.0,-1.5,-1.5
2300,26/08/06,Liverpool,West Ham,2,1,3,4,2,2,1.3333333333333333,1.3333333333333333,3.0,4,4,0,0,0,0,0,0,0,0,0.3333333333333333,0.6666666666666666,0.0,0.0
2316,10/09/06,West Ham,Aston Villa,1,1,5,5,4,2,1.0,1.75,4.0,4,7,0,0,0,0,0,0,0,0,0.25,0.75,-0.75,-0.75
2327,17/09/06,West Ham,Newcastle,0,2,6,5,5,5,1.0,1.2,5.0,5,6,0,0,0,0,0,0,0,0,0.2,0.0,-0.2,-0.2
2333,23/09/06,Man City,West Ham,2,0,3,6,8,7,0.6666666666666666,0.8333333333333334,6.0,4,5,0,0,0,0,0,0,0,0,-0.8333333333333334,-0.1666666666666666,-0.1666666666666666,-0.1666666666666666
2347,01/10/06,West Ham,Reading,0,1,6,8,9,7,0.7142857142857143,1.4285714285714286,7.0,2,7,0,0,0,0,0,0,0,0,-0.4285714285714285,0.1428571428571428,-0.7142857142857143,-0.7142857142857143
2354,14/10/06,Portsmouth,West Ham,2,0,10,6,3,10,1.625,0.625,8.0,9,1,1,0,0,0,0,0,0,0,0.875,-0.5,1.0,1.0
2368,22/10/06,Tottenham,West Ham,1,0,5,6,10,12,0.8888888888888888,0.5555555555555556,9.0,5,1,0,0,0,0,0,0,0,0,-0.5555555555555556,-0.6666666666666666,0.3333333333333333,0.4444444444444444
2377,29/10/06,West Ham,Blackburn,2,1,6,9,13,11,0.5,1.2,10.0,0,10,0,0,1,1,1,0,0,0,-0.7,-0.2,-0.7,-1.0
2388,05/11/06,West Ham,Arsenal,1,0,8,16,14,6,0.7272727272727273,1.6363636363636365,11.0,3,10,0,0,1,0,1,0,0,0,-0.5454545454545454,0.9090909090909092,-0.9090909090909092,-0.6363636363636364
2393,11/11/06,Middlesbrough,West Ham,1,0,9,9,16,14,0.9166666666666666,0.9166666666666666,12.0,6,6,0,0,0,0,0,0,1,0,-0.5833333333333334,-0.4166666666666667,0.0,0.0
2400,18/11/06,Chelsea,West Ham,1,0,22,9,7,15,2.1538461538461537,0.8461538461538461,13.0,12,6,1,0,0,0,0,0,0,0,1.1538461538461535,-0.4615384615384615,1.3076923076923077,0.4615384615384615
2414,25/11/06,West Ham,Sheffield United,1,0,9,8,16,18,0.7857142857142857,0.7142857142857143,14.0,6,4,0,0,0,0,0,0,0,0,-0.5,-0.7142857142857143,0.0714285714285714,0.1428571428571428
2431,03/12/06,Everton,West Ham,2,0,18,10,15,18,1.3125,0.875,16.0,4,6,0,0,0,0,0,0,0,0,0.1875,-0.5,0.4375,-0.125
2436,06/12/06,West Ham,Wigan,0,2,10,19,18,20,0.875,1.3125,16.0,6,7,0,0,0,0,0,0,0,0,-0.5,-0.0625,-0.4375,-0.0625
2438,09/12/06,Bolton,West Ham,4,0,15,10,14,18,1.5,0.875,16.0,4,6,0,0,0,0,0,0,0,0,0.0625,-0.5,0.625,-0.125
2457,17/12/06,West Ham,Man United,1,0,10,38,24,9,0.7777777777777778,2.4444444444444446,18.0,3,13,0,0,0,0,0,0,0,0,-0.7777777777777778,1.6111111111111112,-1.6666666666666667,-0.5555555555555556
2461,23/12/06,Fulham,West Ham,0,0,18,11,28,24,1.2105263157894737,0.8947368421052632,19.0,6,6,0,0,0,0,0,0,0,0,-0.5263157894736842,-0.6842105263157895,0.3157894736842105,0.0
2477,26/12/06,West Ham,Portsmouth,1,2,11,28,24,17,0.9,1.6,20.0,4,9,0,0,1,0,0,0,0,0,-0.65,0.55,-0.7,-0.25
2487,30/12/06,West Ham,Man City,0,1,12,16,26,24,0.8571428571428571,1.0952380952380951,21.0,4,4,0,0,0,0,0,0,0,0,-0.6666666666666666,-0.3809523809523809,-0.238095238095238,0.0
2494,01/01/07,Reading,West Ham,6,0,24,12,30,27,1.2272727272727273,0.8181818181818182,22.0,2,4,0,0,0,0,0,0,0,0,-0.2727272727272727,-0.6818181818181818,0.4090909090909091,-0.0909090909090909
2505,13/01/07,West Ham,Fulham,3,3,12,22,33,32,0.782608695652174,1.173913043478261,23.0,4,7,0,0,0,0,0,0,0,0,-0.9130434782608696,-0.4347826086956521,-0.391304347826087,-0.1304347826086956
2513,20/01/07,Newcastle,West Ham,2,2,26,15,30,36,1.2083333333333333,0.7916666666666666,24.0,7,2,0,0,0,0,0,0,0,0,-0.1666666666666666,-0.875,0.4166666666666667,0.2083333333333333
2522,30/01/07,West Ham,Liverpool,1,2,17,37,38,16,0.8,1.84,25.0,2,12,0,0,1,0,0,0,0,0,-0.84,0.84,-1.04,-0.4
2527,03/02/07,Aston Villa,West Ham,1,0,26,17,28,38,1.16,0.8,25.0,4,2,0,0,0,0,0,0,1,0,-0.08,-0.84,0.36,0.08
2544,10/02/07,West Ham,Watford,0,1,18,15,41,37,0.7407407407407407,0.6666666666666666,27.0,2,6,0,0,0,0,0,0,0,0,-0.8518518518518519,-0.8148148148148148,0.074074074074074,-0.1481481481481481
2549,24/02/07,Charlton,West Ham,4,0,20,18,45,41,0.7407407407407407,0.7407407407407407,27.0,4,2,0,0,0,0,0,0,0,0,-0.925925925925926,-0.8518518518518519,0.0,0.074074074074074
2566,04/03/07,West Ham,Tottenham,3,4,18,36,46,40,0.6896551724137931,1.3448275862068966,29.0,1,7,0,0,0,0,0,0,0,0,-0.9655172413793104,-0.1379310344827586,-0.6551724137931034,-0.2068965517241379
2569,17/03/07,Blackburn,West Ham,1,2,33,18,38,46,1.2758620689655171,0.6896551724137931,29.0,6,1,0,0,0,0,0,0,0,0,-0.1724137931034483,-0.9655172413793104,0.5862068965517241,0.1724137931034483
2586,31/03/07,West Ham,Middlesbrough,2,0,23,32,51,36,0.7419354838709677,1.1612903225806452,31.0,3,5,0,0,1,0,0,0,0,0,-0.9032258064516128,-0.1290322580645161,-0.4193548387096774,-0.064516129032258
2591,07/04/07,Arsenal,West Ham,0,1,52,25,29,51,1.71875,0.8125,32.0,6,6,0,0,0,0,0,0,1,0,0.71875,-0.8125,0.90625,0.0
2610,14/04/07,Sheffield United,West Ham,3,0,29,26,47,54,1.0,0.8529411764705882,34.0,4,9,0,0,0,0,0,0,0,0,-0.5294117647058824,-0.8235294117647058,0.1470588235294117,-0.1470588235294117
2617,18/04/07,West Ham,Chelsea,1,4,26,60,54,20,0.8529411764705882,2.294117647058824,34.0,9,15,0,0,0,0,1,1,0,0,-0.8235294117647058,1.1764705882352942,-1.4411764705882353,-0.1764705882352941
2625,21/04/07,West Ham,Everton,1,0,27,46,58,30,0.8285714285714286,1.542857142857143,35.0,9,11,1,0,0,0,0,0,0,0,-0.8857142857142857,0.4571428571428571,-0.7142857142857143,-0.0571428571428571
2635,28/04/07,Wigan,West Ham,0,3,35,28,54,58,0.9722222222222222,0.8888888888888888,36.0,2,9,0,0,0,0,0,0,0,0,-0.5277777777777778,-0.8333333333333334,0.0833333333333333,-0.1944444444444444
2644,05/05/07,West Ham,Bolton,3,1,31,44,58,47,0.945945945945946,1.4864864864864864,37.0,9,5,0,0,0,0,0,0,0,0,-0.7297297297297297,-0.081081081081081,-0.5405405405405406,0.1081081081081081
2654,13/05/07,Man United,West Ham,0,1,83,34,26,59,2.3421052631578947,1.0,38.0,11,9,0,0,0,0,0,0,0,0,1.5,-0.6578947368421053,1.3421052631578947,0.0526315789473684
2666,11/08/07,West Ham,Man City,0,2,0,0,0,0,0.0,0.0,1.0,0,0,0,0,0,0,0,0,0,0,0.0,0.0,0.0,0.0
2677,18/08/07,Birmingham,West Ham,0,1,2,0,3,2,0.0,0.0,2.0,0,0,0,0,0,0,0,0,0,0,-0.5,-1.0,0.0,0.0
2694,25/08/07,West Ham,Wigan,1,1,2,5,3,2,1.0,1.5,4.0,4,6,0,0,0,0,0,0,0,0,-0.25,0.75,-0.5,-0.5
2703,01/09/07,Reading,West Ham,0,3,2,5,5,3,0.8,1.4,5.0,4,7,0,0,0,0,0,0,0,0,-0.6,0.4,-0.6,-0.6
2713,15/09/07,West Ham,Middlesbrough,3,0,8,7,3,6,1.6666666666666667,1.1666666666666667,6.0,10,7,0,0,0,0,0,0,0,0,0.8333333333333334,0.1666666666666666,0.5,0.5
2726,23/09/07,Newcastle,West Ham,3,1,9,9,5,6,1.5714285714285714,1.4285714285714286,7.0,8,10,0,0,0,0,0,0,0,0,0.5714285714285714,0.4285714285714285,0.1428571428571428,-0.2857142857142857
2733,29/09/07,West Ham,Arsenal,0,1,9,16,7,4,1.25,2.375,8.0,7,15,0,0,0,0,1,1,0,0,0.25,1.5,-1.125,-1.0
2737,06/10/07,Aston Villa,West Ham,1,0,11,9,8,7,1.375,1.25,8.0,10,7,0,0,0,0,0,0,0,0,0.375,0.25,0.125,0.375
2755,21/10/07,West Ham,Sunderland,3,1,12,10,9,16,1.3,0.8,10.0,6,4,0,0,0,0,0,0,0,0,0.3,-0.6,0.5,0.2
2760,27/10/07,Portsmouth,West Ham,0,0,19,12,12,9,1.6363636363636365,1.2727272727272727,11.0,13,4,0,0,0,0,0,0,1,0,0.6363636363636364,0.2727272727272727,0.3636363636363636,0.8181818181818182
2775,04/11/07,West Ham,Bolton,1,1,13,10,10,17,1.25,0.5,12.0,5,3,0,0,0,0,0,0,0,0,0.25,-0.5833333333333334,0.75,0.1666666666666666
2777,10/11/07,Derby,West Ham,0,5,5,13,24,10,0.5,1.25,12.0,2,5,0,0,0,0,0,0,0,0,-1.5833333333333333,0.25,-0.75,-0.25
2796,25/11/07,West Ham,Tottenham,1,1,19,23,11,24,1.3571428571428572,0.7857142857142857,14.0,9,5,0,0,0,0,0,0,0,0,0.5714285714285714,-0.0714285714285714,0.5714285714285714,0.2857142857142857
2800,01/12/07,Chelsea,West Ham,1,0,21,19,9,12,1.8666666666666667,1.2666666666666666,15.0,13,6,1,0,0,0,0,0,0,0,0.8,0.4666666666666667,0.6,0.4666666666666667
2815,09/12/07,Blackburn,West Ham,0,1,20,20,18,12,1.625,1.375,16.0,5,8,0,0,0,0,0,0,0,0,0.125,0.5,0.25,-0.1875
2825,15/12/07,West Ham,Everton,0,2,20,29,14,16,1.2941176470588236,1.588235294117647,17.0,7,11,0,0,0,0,0,0,0,0,0.3529411764705882,0.7647058823529411,-0.2941176470588235,-0.2352941176470588
2834,22/12/07,Middlesbrough,West Ham,1,2,16,22,28,15,0.9444444444444444,1.3888888888888888,18.0,8,7,0,0,0,0,0,0,0,0,-0.6666666666666666,0.3888888888888889,-0.4444444444444444,0.0555555555555555
2846,26/12/07,West Ham,Reading,1,1,23,24,16,35,1.368421052631579,1.105263157894737,19.0,7,8,0,0,0,0,0,0,0,0,0.3684210526315789,-0.5789473684210527,0.2631578947368421,-0.0526315789473684
2855,29/12/07,West Ham,Man United,2,1,25,36,17,9,1.45,2.25,20.0,10,15,0,0,0,0,1,1,0,0,0.4,1.35,-0.8,-0.25
2859,01/01/08,Arsenal,West Ham,2,0,36,25,15,17,2.2,1.45,20.0,8,10,0,0,0,0,0,0,0,0,1.05,0.4,0.75,-0.1
2876,12/01/08,West Ham,Fulham,2,1,27,22,20,37,1.4545454545454546,0.6818181818181818,22.0,10,2,0,0,0,0,0,0,0,0,0.3181818181818182,-0.6818181818181818,0.7727272727272727,0.3636363636363636
2886,20/01/08,Man City,West Ham,1,1,29,28,23,21,1.6956521739130437,1.434782608695652,23.0,6,8,0,0,0,0,0,0,0,0,0.2608695652173913,0.3043478260869565,0.2608695652173913,-0.0869565217391304
2898,30/01/08,West Ham,Liverpool,1,0,29,37,21,17,1.5,1.6666666666666667,24.0,10,4,0,0,0,0,0,0,0,0,0.3333333333333333,0.8333333333333334,-0.1666666666666666,0.25
2906,02/02/08,Wigan,West Ham,1,0,23,29,40,22,0.8,1.44,25.0,4,7,0,0,0,0,0,0,0,0,-0.68,0.28,-0.64,-0.12
2915,09/02/08,West Ham,Birmingham,1,1,30,24,23,37,1.4230769230769231,0.8076923076923077,26.0,8,2,0,0,0,0,0,0,0,0,0.2692307692307692,-0.5,0.6153846153846154,0.2307692307692307
2920,23/02/08,Fulham,West Ham,0,1,25,31,44,23,0.7037037037037037,1.4814814814814814,27.0,4,8,0,0,0,0,0,0,0,0,-0.7037037037037037,0.2962962962962963,-0.7777777777777778,-0.1481481481481481
2935,01/03/08,West Ham,Chelsea,0,4,31,42,27,17,1.4285714285714286,2.071428571428572,28.0,7,11,0,0,0,0,0,0,0,0,0.1428571428571428,0.8928571428571429,-0.6428571428571429,-0.1428571428571428
2938,05/03/08,Liverpool,West Ham,4,0,46,31,20,27,1.7857142857142858,1.4285714285714286,28.0,10,7,0,0,0,0,0,0,0,0,0.9285714285714286,0.1428571428571428,0.3571428571428571,0.1071428571428571
2943,09/03/08,Tottenham,West Ham,4,0,53,31,45,31,1.206896551724138,1.3793103448275863,29.0,8,4,0,0,0,0,0,0,0,0,0.2758620689655172,0.0,-0.1724137931034483,0.1379310344827586
2953,15/03/08,West Ham,Blackburn,2,1,31,38,35,35,1.3333333333333333,1.5333333333333334,30.0,4,8,0,0,0,0,0,0,0,0,-0.1333333333333333,0.1,-0.2,-0.1333333333333333
2963,22/03/08,Everton,West Ham,1,1,47,33,25,36,1.806451612903225,1.3870967741935485,31.0,12,6,1,0,0,0,0,0,0,0,0.7096774193548387,-0.0967741935483871,0.4193548387096774,0.1935483870967742
2976,29/03/08,Sunderland,West Ham,2,1,27,34,48,37,0.9375,1.375,32.0,4,4,0,0,0,0,0,0,1,0,-0.65625,-0.09375,-0.4375,0.0
2989,08/04/08,West Ham,Portsmouth,0,1,35,46,39,33,1.3333333333333333,1.606060606060606,33.0,4,9,0,0,0,0,0,0,0,0,-0.1212121212121212,0.3939393939393939,-0.2727272727272727,-0.1515151515151515
2991,12/04/08,Bolton,West Ham,1,0,30,35,52,40,0.7647058823529411,1.2941176470588236,34.0,1,4,0,0,0,0,0,0,0,0,-0.6470588235294118,-0.1470588235294117,-0.5294117647058824,-0.088235294117647
3005,19/04/08,West Ham,Derby,2,1,35,16,41,74,1.2571428571428571,0.3142857142857143,35.0,4,1,0,0,0,0,0,0,0,0,-0.1714285714285714,-1.6571428571428573,0.9428571428571428,0.0857142857142857
3015,26/04/08,West Ham,Newcastle,2,2,37,42,42,58,1.3055555555555556,1.1666666666666667,36.0,4,13,0,0,0,0,1,0,0,0,-0.1388888888888889,-0.4444444444444444,0.1388888888888889,-0.25
3024,03/05/08,Man United,West Ham,4,1,74,39,21,44,2.189189189189189,1.2972972972972974,37.0,8,4,0,0,0,0,0,0,1,0,1.4324324324324325,-0.1351351351351351,0.8918918918918919,0.1081081081081081
3038,11/05/08,West Ham,Aston Villa,2,2,40,69,48,49,1.263157894736842,1.5526315789473684,38.0,4,10,0,0,0,0,1,0,0,0,-0.2105263157894736,0.5263157894736842,-0.2894736842105263,-0.1578947368421052
3046,16/08/08,West Ham,Wigan,2,1,0,0,0,0,0.0,0.0,1.0,0,0,0,0,0,0,0,0,0,0,0.0,0.0,0.0,0.0
3057,24/08/08,Man City,West Ham,3,0,2,2,4,1,0.0,1.5,2.0,0,3,0,0,0,0,0,0,0,0,-1.0,0.5,-1.5,-1.5
3065,30/08/08,West Ham,Blackburn,4,1,2,4,4,3,1.0,1.3333333333333333,3.0,3,4,0,0,0,0,0,0,0,0,-0.6666666666666666,0.3333333333333333,-0.3333333333333333,-0.3333333333333333
3075,13/09/08,West Brom,West Ham,3,2,1,6,3,5,0.25,1.5,4.0,1,6,0,0,0,0,0,0,0,0,-0.5,0.25,-1.25,-1.25
3083,20/09/08,West Ham,Newcastle,3,1,8,3,8,6,1.2,0.8,5.0,6,4,0,0,0,0,0,0,0,0,0.0,-0.6,0.4,0.4
3092,27/09/08,Fulham,West Ham,1,2,5,11,6,9,1.0,1.5,6.0,6,9,0,0,0,0,0,0,0,0,-0.1666666666666666,0.3333333333333333,-0.5,-0.5
3108,05/10/08,West Ham,Bolton,1,3,13,5,10,9,1.7142857142857142,0.5714285714285714,7.0,9,1,0,0,0,0,0,0,0,0,0.4285714285714285,-0.5714285714285714,1.1428571428571428,1.1428571428571428
3116,19/10/08,Hull,West Ham,1,0,10,14,11,13,1.75,1.5,8.0,10,9,0,0,0,0,0,0,0,0,-0.125,0.125,0.25,0.125
3127,26/10/08,West Ham,Arsenal,0,2,14,16,14,6,1.3333333333333333,1.7777777777777777,9.0,6,10,0,0,0,0,0,0,0,0,0.0,1.1111111111111112,-0.4444444444444444,-0.4444444444444444
3136,29/10/08,Man United,West Ham,2,0,15,14,5,16,1.8,1.2,10.0,13,6,1,0,0,0,0,0,0,0,1.0,-0.2,0.6,0.7
3142,01/11/08,Middlesbrough,West Ham,1,1,10,14,15,18,1.181818181818182,1.0909090909090908,11.0,7,3,0,0,0,0,0,0,0,0,-0.4545454545454545,-0.3636363636363636,0.0909090909090909,0.3636363636363636
3153,08/11/08,West Ham,Everton,1,3,15,15,19,19,1.0833333333333333,1.25,12.0,1,8,0,0,1,0,0,0,0,0,-0.3333333333333333,-0.3333333333333333,-0.1666666666666666,-0.5833333333333334
3166,15/11/08,West Ham,Portsmouth,0,0,16,13,22,18,1.0,1.3076923076923077,13.0,1,5,0,0,1,0,0,0,0,0,-0.4615384615384615,-0.3846153846153846,-0.3076923076923077,-0.3076923076923077
3176,23/11/08,Sunderland,West Ham,0,1,12,16,19,22,1.0714285714285714,1.0,14.0,6,2,0,0,0,0,0,0,0,0,-0.5,-0.4285714285714285,0.0714285714285714,0.2857142857142857
3188,01/12/08,Liverpool,West Ham,0,0,21,17,8,22,2.2,1.1333333333333333,15.0,10,5,0,0,0,0,0,0,0,0,0.8666666666666667,-0.3333333333333333,1.0666666666666669,0.3333333333333333
3198,08/12/08,West Ham,Tottenham,0,2,17,17,22,21,1.125,0.9375,16.0,6,9,0,0,0,0,0,0,0,0,-0.3125,-0.25,0.1875,-0.1875
3207,14/12/08,Chelsea,West Ham,1,1,35,17,6,24,2.117647058823529,1.0588235294117647,17.0,10,5,0,0,0,0,0,0,0,0,1.7058823529411764,-0.4117647058823529,1.0588235294117647,0.2941176470588235
3213,20/12/08,West Ham,Aston Villa,0,1,18,29,25,20,1.0555555555555556,1.7222222222222223,18.0,6,11,0,0,0,0,0,0,0,0,-0.3888888888888889,0.5,-0.6666666666666666,-0.2777777777777778
3223,26/12/08,Portsmouth,West Ham,1,4,20,18,28,26,1.2105263157894737,1.0,19.0,5,5,0,0,0,0,0,0,0,0,-0.4210526315789473,-0.4210526315789473,0.2105263157894736,0.0
3235,28/12/08,West Ham,Stoke,2,1,22,17,27,31,1.1,1.0,20.0,5,3,0,0,0,0,0,0,0,0,-0.25,-0.7,0.1,0.1
3242,10/01/09,Newcastle,West Ham,2,2,26,24,32,28,1.0476190476190477,1.1904761904761905,21.0,7,7,0,0,0,0,0,0,0,0,-0.2857142857142857,-0.1904761904761904,-0.1428571428571428,0.0
3255,18/01/09,West Ham,Fulham,3,1,26,19,30,18,1.181818181818182,1.181818181818182,22.0,8,5,0,0,0,0,0,0,0,0,-0.1818181818181818,0.0454545454545454,0.0,0.1363636363636363
3265,28/01/09,West Ham,Hull,2,0,29,29,31,42,1.2608695652173914,1.173913043478261,23.0,10,0,0,0,0,0,0,0,1,1,-0.0869565217391304,-0.5652173913043478,0.0869565217391304,0.4347826086956521
3267,31/01/09,Arsenal,West Ham,0,0,37,29,24,31,1.7826086956521738,1.2608695652173914,23.0,11,10,0,0,0,0,0,0,0,0,0.5652173913043478,-0.0869565217391304,0.5217391304347826,0.0434782608695652
3286,08/02/09,West Ham,Man United,0,1,31,41,31,10,1.32,2.24,25.0,11,15,0,0,0,0,1,1,0,0,0.0,1.24,-0.92,-0.16
3291,21/02/09,Bolton,West Ham,2,1,27,31,37,32,1.0384615384615383,1.2692307692307692,26.0,4,8,0,0,0,0,0,0,0,0,-0.3846153846153846,-0.0384615384615384,-0.2307692307692307,-0.1538461538461538
3306,01/03/09,West Ham,Man City,1,0,32,43,34,35,1.2222222222222223,1.1851851851851851,27.0,7,7,0,0,0,0,0,0,0,0,-0.074074074074074,0.2962962962962963,0.037037037037037,0.0
3316,04/03/09,Wigan,West Ham,0,1,27,33,26,34,1.25,1.2857142857142858,28.0,4,7,0,0,0,0,0,0,0,0,0.0357142857142857,-0.0357142857142857,-0.0357142857142857,-0.1071428571428571
3328,16/03/09,West Ham,West Brom,0,0,34,25,34,54,1.3448275862068966,0.7586206896551724,29.0,7,1,0,0,0,0,0,0,0,0,0.0,-1.0,0.5862068965517241,0.2068965517241379
3329,21/03/09,Blackburn,West Ham,1,1,32,34,44,34,1.0344827586206895,1.3448275862068966,29.0,7,7,0,0,0,0,0,0,0,0,-0.4137931034482758,0.0,-0.3103448275862069,0.0
3346,04/04/09,West Ham,Sunderland,2,0,35,29,35,39,1.3225806451612905,1.032258064516129,31.0,8,2,0,0,0,0,0,0,0,0,0.0,-0.3225806451612903,0.2903225806451613,0.1935483870967742
3355,11/04/09,Tottenham,West Ham,1,0,37,37,36,35,1.1875,1.375,32.0,10,11,0,0,0,0,0,0,0,0,0.03125,0.0625,-0.1875,-0.03125
3359,18/04/09,Aston Villa,West Ham,1,1,45,37,39,35,1.625,1.375,32.0,1,11,0,0,0,0,0,0,0,0,0.1875,0.0625,0.25,-0.3125
3375,25/04/09,West Ham,Chelsea,0,1,38,55,37,20,1.3235294117647058,2.0,34.0,6,10,0,0,0,0,0,0,0,0,0.0294117647058823,1.0294117647058822,-0.6764705882352942,-0.1176470588235294
3383,02/05/09,Stoke,West Ham,0,1,33,38,49,38,1.1142857142857143,1.2857142857142858,35.0,10,5,0,0,0,0,0,0,0,0,-0.4571428571428571,0.0,-0.1714285714285714,0.1428571428571428
3395,09/05/09,West Ham,Liverpool,0,3,39,69,38,26,1.3333333333333333,2.138888888888889,36.0,7,13,0,0,0,0,0,0,0,0,0.0277777777777777,1.1944444444444444,-0.8055555555555556,-0.1666666666666666
3401,16/05/09,Everton,West Ham,3,1,50,39,36,41,1.5405405405405406,1.2972972972972974,37.0,6,4,0,0,0,0,0,0,0,0,0.3783783783783784,-0.054054054054054,0.2432432432432432,0.054054054054054
3418,24/05/09,West Ham,Middlesbrough,2,1,40,27,44,55,1.263157894736842,0.8421052631578947,38.0,4,2,0,0,0,0,0,0,0,0,-0.1052631578947368,-0.7368421052631579,0.4210526315789473,0.0526315789473684
3427,15/08/09,Wolves,West Ham,0,2,0,0,0,0,0.0,0.0,1.0,0,0,0,0,0,0,0,0,0,0,0.0,0.0,0.0,0.0
3444,23/08/09,West Ham,Tottenham,1,2,3,7,2,2,1.0,2.0,3.0,3,6,0,0,0,0,0,0,0,0,0.3333333333333333,1.6666666666666667,-1.0,-1.0
3446,29/08/09,Blackburn,West Ham,0,0,1,3,4,2,0.0,1.0,3.0,0,3,0,0,0,0,0,0,0,0,-1.0,0.3333333333333333,-1.0,-1.0
3463,12/09/09,Wigan,West Ham,1,0,3,3,8,3,0.6,0.8,5.0,3,4,0,0,0,0,0,0,0,0,-1.0,0.0,-0.2,-0.2
3471,19/09/09,West Ham,Liverpool,2,3,5,13,6,7,0.6666666666666666,1.5,6.0,4,9,0,0,0,0,0,0,0,0,-0.1666666666666666,1.0,-0.8333333333333334,-0.8333333333333334
3485,28/09/09,Man City,West Ham,3,1,14,6,7,9,2.142857142857143,0.5714285714285714,7.0,12,1,1,0,0,0,0,0,0,0,1.0,-0.4285714285714285,1.5714285714285714,1.5714285714285714
3494,04/10/09,West Ham,Fulham,2,2,8,6,11,10,0.625,0.875,8.0,2,4,0,0,0,0,0,0,0,0,-0.375,-0.5,-0.25,-0.25
3501,17/10/09,Stoke,West Ham,2,1,6,9,10,13,1.0,0.5555555555555556,9.0,5,1,0,0,0,0,0,0,1,0,-0.4444444444444444,-0.4444444444444444,0.4444444444444444,0.4444444444444444
3515,25/10/09,West Ham,Arsenal,2,2,11,29,15,13,0.6,1.9,10.0,2,13,0,0,0,0,1,0,0,0,-0.4,1.6,-1.3,-1.1
3524,31/10/09,Sunderland,West Ham,2,2,18,13,15,17,1.4545454545454546,0.6363636363636364,11.0,7,3,0,0,0,0,0,0,0,0,0.2727272727272727,-0.3636363636363636,0.8181818181818182,0.3636363636363636
3526,04/11/09,West Ham,Aston Villa,2,1,13,14,17,9,0.6363636363636364,1.6363636363636365,11.0,3,6,0,0,0,0,0,0,0,0,-0.3636363636363636,0.4545454545454545,-1.0,-0.2727272727272727
3534,08/11/09,West Ham,Everton,1,2,15,15,18,17,0.8333333333333334,1.25,12.0,6,6,0,0,0,0,0,0,0,0,-0.25,-0.1666666666666666,-0.4166666666666667,0.0
3540,21/11/09,Hull,West Ham,3,3,10,16,25,20,0.8461538461538461,0.7692307692307693,13.0,7,5,0,0,0,0,0,0,0,0,-1.1538461538461535,-0.3076923076923077,0.0769230769230769,0.1538461538461538
3554,28/11/09,West Ham,Burnley,5,3,19,16,23,26,0.7857142857142857,1.2142857142857142,14.0,6,5,0,0,0,0,0,0,0,0,-0.2857142857142857,-0.7142857142857143,-0.4285714285714285,0.0714285714285714
3564,05/12/09,West Ham,Man United,0,4,24,30,26,13,0.9333333333333332,2.066666666666667,15.0,8,9,0,0,0,0,0,0,0,0,-0.1333333333333333,1.1333333333333333,-1.1333333333333333,-0.0666666666666666
3569,12/12/09,Birmingham,West Ham,1,0,12,24,14,26,1.2,0.9333333333333332,15.0,11,8,0,0,0,0,0,0,0,0,-0.1333333333333333,-0.1333333333333333,0.2666666666666666,0.2
3580,15/12/09,Bolton,West Ham,3,1,23,24,33,31,0.9411764705882352,0.8235294117647058,17.0,5,4,0,0,0,0,0,0,0,0,-0.5882352941176471,-0.4117647058823529,0.1176470588235294,0.0588235294117647
3594,20/12/09,West Ham,Chelsea,1,1,25,42,34,14,0.7777777777777778,2.2222222222222223,18.0,4,10,0,0,0,0,0,0,0,0,-0.5,1.5555555555555556,-1.4444444444444444,-0.3333333333333333
3602,26/12/09,West Ham,Portsmouth,2,0,26,17,35,26,0.7894736842105263,0.7368421052631579,19.0,4,7,0,0,0,0,0,0,0,0,-0.4736842105263157,-0.4736842105263157,0.0526315789473684,-0.1578947368421052
3610,28/12/09,Tottenham,West Ham,2,0,40,28,22,35,1.7,0.9,20.0,8,4,0,0,0,0,0,0,1,0,0.9,-0.35,0.8,0.2
3626,17/01/10,Aston Villa,West Ham,0,0,29,28,18,37,1.6666666666666667,0.8571428571428571,21.0,9,4,1,0,0,0,0,0,0,0,0.5238095238095238,-0.4285714285714285,0.8095238095238095,0.238095238095238
3633,26/01/10,Portsmouth,West Ham,1,1,19,28,33,37,0.6818181818181818,0.8636363636363636,22.0,4,5,0,0,0,0,0,0,0,0,-0.6363636363636364,-0.4090909090909091,-0.1818181818181818,-0.0454545454545454
3645,30/01/10,West Ham,Blackburn,0,0,29,23,38,39,0.8695652173913043,1.0434782608695652,23.0,6,5,0,0,0,0,0,0,0,0,-0.391304347826087,-0.6956521739130435,-0.1739130434782608,0.0434782608695652
3653,06/02/10,Burnley,West Ham,2,1,23,29,46,38,0.8333333333333334,0.875,24.0,1,6,0,0,0,0,0,0,0,0,-0.9583333333333334,-0.375,-0.0416666666666666,-0.2083333333333333
3670,10/02/10,West Ham,Birmingham,2,0,32,24,40,26,0.9230769230769232,1.4230769230769231,26.0,6,5,0,0,0,0,0,0,0,0,-0.3076923076923077,-0.0769230769230769,-0.5,0.0384615384615384
3677,20/02/10,West Ham,Hull,3,0,32,25,40,50,0.9230769230769232,0.9230769230769232,26.0,6,6,0,0,0,0,0,0,0,0,-0.3076923076923077,-0.9615384615384616,0.0,0.0
3684,23/02/10,Man United,West Ham,3,0,62,35,21,40,2.111111111111111,1.0,27.0,13,8,1,0,0,0,0,0,0,0,1.5185185185185186,-0.1851851851851851,1.1111111111111112,0.1851851851851851
3694,06/03/10,West Ham,Bolton,1,2,35,30,43,49,0.9642857142857144,0.9285714285714286,28.0,7,5,0,0,0,0,0,0,0,0,-0.2857142857142857,-0.6785714285714286,0.0357142857142857,0.0714285714285714
3704,13/03/10,Chelsea,West Ham,4,1,65,36,26,45,2.103448275862069,0.9310344827586208,29.0,7,6,0,0,0,0,0,0,0,0,1.3448275862068966,-0.3103448275862069,1.1724137931034482,0.0344827586206896
3712,20/03/10,Arsenal,West Ham,2,0,69,37,32,49,2.033333333333333,0.9,30.0,12,6,0,0,0,0,0,0,0,0,1.2333333333333334,-0.4,1.1333333333333333,0.2
3722,23/03/10,West Ham,Wolves,1,3,37,25,51,49,0.8709677419354839,0.9032258064516128,31.0,3,4,0,0,0,0,0,0,1,0,-0.4516129032258064,-0.7741935483870968,-0.032258064516129,-0.032258064516129
3732,27/03/10,West Ham,Stoke,0,1,38,30,54,35,0.84375,1.21875,32.0,0,5,0,0,1,1,0,0,0,0,-0.5,-0.15625,-0.375,-0.15625
3745,04/04/10,Everton,West Ham,2,2,50,38,42,55,1.4848484848484849,0.8181818181818182,33.0,11,0,0,0,0,0,0,0,1,1,0.2424242424242424,-0.5151515151515151,0.6666666666666666,0.3333333333333333
3748,10/04/10,West Ham,Sunderland,1,0,38,41,55,50,0.8181818181818182,1.0606060606060606,33.0,0,8,0,0,1,1,0,0,0,0,-0.5151515151515151,-0.2727272727272727,-0.2424242424242424,-0.2424242424242424
3766,19/04/10,Liverpool,West Ham,3,0,54,41,33,57,1.6,0.8857142857142857,35.0,8,4,0,0,0,0,0,0,1,0,0.6,-0.4571428571428571,0.7142857142857143,0.1142857142857142
3772,24/04/10,West Ham,Wigan,3,2,41,33,60,66,0.8611111111111112,0.9722222222222222,36.0,4,7,0,0,0,0,0,0,0,0,-0.5277777777777778,-0.9166666666666666,-0.1111111111111111,-0.0833333333333333
3783,02/05/10,Fulham,West Ham,3,2,39,44,41,62,1.2432432432432432,0.918918918918919,37.0,8,7,0,0,0,0,0,0,0,0,-0.054054054054054,-0.4864864864864865,0.3243243243243243,0.027027027027027
3798,09/05/10,West Ham,Man City,1,1,46,72,65,44,0.8947368421052632,1.736842105263158,38.0,7,7,0,0,0,0,0,0,0,0,-0.5,0.7368421052631579,-0.8421052631578947,0.0
3800,14/08/10,Aston Villa,West Ham,3,0,0,0,0,0,0.0,0.0,1.0,0,0,0,0,0,0,0,0,0,0,0.0,0.0,0.0,0.0
3815,21/08/10,West Ham,Bolton,1,3,0,0,3,0,0.0,0.5,2.0,0,1,0,0,0,0,0,0,0,0,-1.5,0.0,-0.5,-0.5
3823,28/08/10,Man United,West Ham,3,0,5,1,2,6,1.3333333333333333,0.0,3.0,4,0,0,0,0,0,0,0,0,0,1.0,-1.6666666666666667,1.3333333333333333,1.3333333333333333
3836,11/09/10,West Ham,Chelsea,1,3,1,14,9,0,0.0,2.25,4.0,0,9,0,0,0,0,0,0,0,0,-2.0,3.5,-2.25,-2.25
3843,18/09/10,Stoke,West Ham,1,1,4,2,7,12,0.6,0.0,5.0,3,0,0,0,0,0,0,0,0,0,-0.6,-2.0,0.6,0.6
3856,25/09/10,West Ham,Tottenham,1,0,3,6,13,4,0.1666666666666666,1.3333333333333333,6.0,1,8,0,0,1,0,0,0,0,0,-1.6666666666666667,0.3333333333333333,-1.1666666666666667,-1.1666666666666667
3865,02/10/10,West Ham,Fulham,1,1,4,7,13,6,0.5714285714285714,1.1428571428571428,7.0,4,7,0,0,1,0,0,0,0,0,-1.2857142857142858,0.1428571428571428,-0.5714285714285714,-0.4285714285714285
3876,16/10/10,Wolves,West Ham,1,1,7,5,12,14,0.625,0.625,8.0,1,5,0,0,0,0,0,0,0,0,-0.625,-1.125,0.0,-0.5
3885,23/10/10,West Ham,Newcastle,1,2,6,12,15,12,0.6666666666666666,0.8888888888888888,9.0,6,4,0,0,0,0,0,0,0,0,-1.0,0.0,-0.2222222222222222,0.2222222222222222
3890,30/10/10,Arsenal,West Ham,1,0,21,7,10,17,1.7,0.6,10.0,7,6,0,0,0,0,0,0,0,0,1.1,-1.0,1.1,0.1
3900,06/11/10,Birmingham,West Ham,2,2,10,7,12,18,1.0,0.5454545454545454,11.0,5,5,0,0,0,0,0,0,0,0,-0.1818181818181818,-1.0,0.4545454545454545,0.0
3917,10/11/10,West Ham,West Brom,2,2,9,14,20,19,0.5833333333333334,1.25,12.0,3,5,0,0,0,0,0,0,0,0,-0.9166666666666666,-0.4166666666666667,-0.6666666666666666,-0.1666666666666666
3925,13/11/10,West Ham,Blackpool,0,0,11,19,22,26,0.6153846153846154,1.0769230769230769,13.0,3,4,0,0,0,0,0,0,0,0,-0.8461538461538461,-0.5384615384615384,-0.4615384615384615,-0.0769230769230769
3934,20/11/10,Liverpool,West Ham,3,0,13,11,17,22,1.1428571428571428,0.6428571428571429,14.0,10,3,1,0,0,0,0,0,0,0,-0.2857142857142857,-0.7857142857142857,0.5,0.5
3946,27/11/10,West Ham,Wigan,3,1,11,10,25,23,0.6,0.9333333333333332,15.0,3,4,0,0,0,0,0,0,0,0,-0.9333333333333332,-0.8666666666666667,-0.3333333333333333,-0.0666666666666666
3956,05/12/10,Sunderland,West Ham,1,0,19,14,18,26,1.25,0.75,16.0,8,6,0,0,0,0,0,0,0,0,0.0625,-0.75,0.5,0.125
3964,11/12/10,West Ham,Man City,1,3,14,21,27,12,0.7058823529411765,1.7058823529411764,17.0,5,9,0,0,0,0,0,0,0,0,-0.7647058823529411,0.5294117647058824,-1.0,-0.2352941176470588
3969,18/12/10,Blackburn,West Ham,1,1,21,14,25,27,1.2352941176470589,0.7058823529411765,17.0,9,5,0,0,0,0,0,0,0,0,-0.2352941176470588,-0.7647058823529411,0.5294117647058824,0.2352941176470588
3975,26/12/10,Fulham,West Ham,1,3,16,15,20,30,0.8888888888888888,0.6666666666666666,18.0,3,4,0,0,0,0,0,0,0,0,-0.2222222222222222,-0.8333333333333334,0.2222222222222222,-0.0555555555555555
3986,28/12/10,West Ham,Everton,1,1,16,20,31,21,0.6842105263157895,1.105263157894737,19.0,4,6,0,0,0,0,0,0,0,0,-0.7894736842105263,-0.0526315789473684,-0.4210526315789473,-0.1052631578947368
3997,01/01/11,West Ham,Wolves,2,0,19,20,32,32,0.8,0.9,20.0,7,9,0,0,0,0,0,0,0,0,-0.65,-0.6,-0.1,-0.1
4008,05/01/11,Newcastle,West Ham,5,0,29,20,31,33,1.1904761904761905,0.8095238095238095,21.0,6,5,0,0,0,0,0,0,0,0,-0.0952380952380952,-0.6190476190476191,0.3809523809523809,0.0476190476190476
4015,15/01/11,West Ham,Arsenal,0,3,22,42,33,22,0.9090909090909092,1.818181818181818,22.0,8,8,0,0,0,0,0,0,0,0,-0.5,0.9090909090909092,-0.9090909090909092,0.0
4024,22/01/11,Everton,West Ham,2,2,25,22,27,38,1.1304347826086956,0.8695652173913043,23.0,8,8,0,0,0,0,0,0,0,0,-0.0869565217391304,-0.6956521739130435,0.2608695652173913,0.0
4040,02/02/11,Blackpool,West Ham,1,3,35,24,44,43,1.12,0.84,25.0,3,5,0,0,0,0,0,0,0,0,-0.36,-0.76,0.28,-0.08
4053,06/02/11,West Ham,Birmingham,0,1,27,25,44,33,0.9230769230769232,1.1538461538461535,26.0,7,8,0,0,0,0,0,0,0,0,-0.6538461538461539,-0.3076923076923077,-0.2307692307692307,-0.0384615384615384
4061,12/02/11,West Brom,West Ham,3,3,34,27,51,45,1.0,0.8888888888888888,27.0,5,4,0,0,0,0,0,0,0,0,-0.6296296296296297,-0.6666666666666666,0.1111111111111111,0.037037037037037
4074,27/02/11,West Ham,Liverpool,3,1,30,35,48,32,0.8928571428571429,1.3928571428571428,28.0,5,13,0,0,0,0,1,0,0,0,-0.6428571428571429,0.1071428571428571,-0.5,-0.2857142857142857
4083,05/03/11,West Ham,Stoke,3,0,33,32,49,35,0.9655172413793104,1.1724137931034482,29.0,8,4,0,0,0,0,0,0,0,0,-0.5517241379310345,-0.1034482758620689,-0.2068965517241379,0.1379310344827586
4093,19/03/11,Tottenham,West Ham,0,0,41,36,34,49,1.6333333333333333,1.0333333333333334,30.0,8,10,0,0,0,0,0,0,0,0,0.2333333333333333,-0.4333333333333333,0.6,-0.0666666666666666
4104,02/04/11,West Ham,Man United,2,4,36,64,49,30,1.032258064516129,2.032258064516129,31.0,8,9,0,0,0,0,0,0,0,0,-0.4193548387096774,1.096774193548387,-1.0,-0.032258064516129
4109,09/04/11,Bolton,West Ham,3,0,42,36,41,49,1.2903225806451613,1.032258064516129,31.0,7,8,0,0,0,0,0,0,0,0,0.032258064516129,-0.4193548387096774,0.2580645161290322,-0.032258064516129
4122,16/04/11,West Ham,Aston Villa,1,2,38,40,56,53,0.9696969696969696,1.121212121212121,33.0,7,7,0,0,0,0,0,0,0,0,-0.5454545454545454,-0.3939393939393939,-0.1515151515151515,0.0
4129,23/04/11,Chelsea,West Ham,3,0,58,38,26,56,1.8484848484848484,0.9696969696969696,33.0,13,7,0,0,0,0,0,0,0,0,0.9696969696969696,-0.5454545454545454,0.8787878787878788,0.1818181818181818
4148,01/05/11,Man City,West Ham,2,1,53,39,31,61,1.7714285714285714,0.9142857142857144,35.0,9,1,0,0,0,0,0,0,0,0,0.6285714285714286,-0.6285714285714286,0.8571428571428571,0.2285714285714285
4154,07/05/11,West Ham,Blackburn,1,1,40,41,63,55,0.8888888888888888,1.0555555555555556,36.0,0,5,0,0,1,1,0,0,0,0,-0.6388888888888888,-0.3888888888888889,-0.1666666666666666,-0.1388888888888889
4168,15/05/11,Wigan,West Ham,3,2,36,41,59,64,0.972972972972973,0.8918918918918919,37.0,5,1,0,0,0,0,0,0,1,0,-0.6216216216216216,-0.6216216216216216,0.081081081081081,0.1081081081081081
4178,22/05/11,West Ham,Sunderland,0,3,43,42,67,56,0.868421052631579,1.1578947368421053,38.0,1,6,0,0,1,0,0,0,0,0,-0.631578947368421,-0.3684210526315789,-0.2894736842105263,-0.131578947368421
4566,18/08/12,West Ham,Aston Villa,1,0,0,0,0,0,0.0,0.0,1.0,0,0,0,0,0,0,0,0,0,0,0.0,0.0,0.0,0.0
4576,25/08/12,Swansea,West Ham,3,0,5,1,0,0,1.5,1.5,2.0,3,3,0,0,0,0,0,0,0,0,2.5,0.5,0.0,0.0
4584,01/09/12,West Ham,Fulham,3,0,1,7,3,3,1.0,1.0,3.0,3,3,0,0,0,0,0,0,0,0,-0.6666666666666666,1.3333333333333333,0.0,0.0
4593,15/09/12,Norwich,West Ham,0,0,2,4,7,3,0.5,1.5,4.0,2,6,0,0,0,0,0,0,0,0,-1.25,0.25,-1.0,-1.0
4603,22/09/12,West Ham,Sunderland,1,1,4,4,3,4,1.4,0.8,5.0,7,4,0,0,0,0,0,0,0,0,0.2,0.0,0.6,0.6
4618,01/10/12,QPR,West Ham,1,2,3,5,11,4,0.3333333333333333,1.3333333333333333,6.0,2,8,0,0,0,0,0,0,0,0,-1.3333333333333333,0.1666666666666666,-1.0,-1.0
4623,06/10/12,West Ham,Arsenal,1,3,7,10,5,4,1.5714285714285714,1.2857142857142858,7.0,8,8,0,0,0,0,0,0,0,0,0.2857142857142857,0.8571428571428571,0.2857142857142857,0.0
4636,20/10/12,West Ham,Southampton,4,1,8,12,8,20,1.375,0.5,8.0,8,4,0,0,0,0,0,0,0,0,0.0,-1.0,0.875,0.5
4644,27/10/12,Wigan,West Ham,2,1,8,12,15,9,0.5555555555555556,1.5555555555555556,9.0,1,8,0,0,1,0,0,0,0,0,-0.7777777777777778,0.3333333333333333,-1.0,-0.7777777777777778
4655,03/11/12,West Ham,Man City,0,0,13,18,11,9,1.4,2.1,10.0,7,13,0,0,0,0,0,0,0,0,0.2,0.9,-0.7,-0.6
4668,11/11/12,Newcastle,West Ham,0,1,12,13,14,11,1.2727272727272727,1.3636363636363635,11.0,6,7,0,0,0,0,0,0,0,0,-0.1818181818181818,0.1818181818181818,-0.0909090909090909,-0.0909090909090909
4678,19/11/12,West Ham,Stoke,1,1,14,9,11,10,1.5,1.0,12.0,7,5,0,0,0,0,0,0,0,0,0.25,-0.0833333333333333,0.5,0.1666666666666666
4688,25/11/12,Tottenham,West Ham,3,1,20,15,21,12,1.3076923076923077,1.4615384615384617,13.0,3,8,0,0,0,0,0,0,0,0,-0.0769230769230769,0.2307692307692307,-0.1538461538461538,-0.3846153846153846
4693,28/11/12,Man United,West Ham,1,0,32,16,18,15,2.142857142857143,1.3571428571428572,14.0,12,5,1,0,0,0,0,0,0,0,1.0,0.0714285714285714,0.7857142857142857,0.5
4706,01/12/12,West Ham,Chelsea,3,1,16,24,16,13,1.2666666666666666,1.7333333333333334,15.0,5,4,0,0,0,0,0,0,0,0,0.0,0.7333333333333333,-0.4666666666666667,0.0666666666666666
4717,09/12/12,West Ham,Liverpool,2,3,19,19,17,18,1.375,1.1875,16.0,7,8,0,0,0,0,0,0,0,0,0.125,0.0625,0.1875,-0.0625
4727,16/12/12,West Brom,West Ham,0,0,24,21,21,20,1.5294117647058822,1.2941176470588236,17.0,6,4,0,0,0,0,0,0,0,0,0.1764705882352941,0.0588235294117647,0.2352941176470588,0.1176470588235294
4735,22/12/12,West Ham,Everton,1,2,21,28,20,21,1.2777777777777777,1.5,18.0,4,7,0,0,0,0,0,0,0,0,0.0555555555555555,0.3888888888888889,-0.2222222222222222,-0.1666666666666666
4753,29/12/12,Reading,West Ham,1,0,21,22,37,23,0.5,1.15,20.0,1,4,0,0,1,0,0,0,0,0,-0.8,-0.05,-0.65,-0.15
4763,01/01/13,West Ham,Norwich,2,1,24,23,24,32,1.238095238095238,1.1904761904761905,21.0,4,6,0,0,0,0,0,0,0,0,0.0,-0.4285714285714285,0.0476190476190476,-0.0952380952380952
4775,12/01/13,Sunderland,West Ham,3,0,21,24,29,27,1.0,1.181818181818182,22.0,6,4,0,0,0,0,0,0,0,0,-0.3636363636363636,-0.1363636363636363,-0.1818181818181818,0.0909090909090909
4784,19/01/13,West Ham,QPR,1,1,25,17,28,36,1.173913043478261,0.6086956521739131,23.0,4,4,0,0,0,0,0,0,1,0,-0.1304347826086956,-0.8260869565217391,0.5652173913043478,0.0
4789,23/01/13,Arsenal,West Ham,5,1,41,25,26,28,1.4782608695652173,1.173913043478261,23.0,7,4,0,0,0,0,0,0,0,0,0.6521739130434783,-0.1304347826086956,0.3043478260869565,0.1304347826086956
4796,30/01/13,Fulham,West Ham,3,1,33,26,40,33,1.0416666666666667,1.125,24.0,5,4,0,0,0,0,0,0,0,0,-0.2916666666666667,-0.2916666666666667,-0.0833333333333333,0.0416666666666666
4806,02/02/13,West Ham,Swansea,1,0,27,34,36,27,1.08,1.36,25.0,4,9,0,0,0,0,0,0,0,0,-0.36,0.28,-0.28,-0.2
4817,10/02/13,Aston Villa,West Ham,2,1,23,28,49,36,0.8076923076923077,1.1538461538461535,26.0,3,4,0,0,0,0,0,0,0,0,-1.0,-0.3076923076923077,-0.3461538461538461,-0.0384615384615384
4829,25/02/13,West Ham,Tottenham,2,3,29,44,38,30,1.1111111111111112,1.7777777777777777,27.0,4,9,0,0,0,0,0,0,0,0,-0.3333333333333333,0.5185185185185185,-0.6666666666666666,-0.1851851851851851
4834,02/03/13,Stoke,West Ham,0,1,26,31,32,41,1.1785714285714286,1.0714285714285714,28.0,4,3,0,0,0,0,0,0,0,0,-0.2142857142857142,-0.3571428571428571,0.1071428571428571,0.0357142857142857
4852,17/03/13,Chelsea,West Ham,2,0,58,32,30,43,1.8333333333333333,1.1,30.0,9,6,0,0,0,0,0,0,0,0,0.9333333333333332,-0.3666666666666666,0.7333333333333333,0.1
4862,30/03/13,West Ham,West Brom,3,1,35,40,44,38,1.1612903225806452,1.4193548387096775,31.0,6,10,0,0,0,0,0,0,0,0,-0.2903225806451613,0.064516129032258,-0.2580645161290322,-0.1290322580645161
4871,07/04/13,Liverpool,West Ham,0,0,59,35,40,44,1.5,1.15625,32.0,12,7,1,0,0,0,0,0,0,0,0.59375,-0.28125,0.34375,0.15625
4880,13/04/13,Southampton,West Ham,1,1,46,36,53,45,1.121212121212121,1.1515151515151516,33.0,10,8,0,0,0,0,0,0,0,0,-0.2121212121212121,-0.2727272727272727,-0.0303030303030303,0.0606060606060606
4886,17/04/13,West Ham,Man United,2,2,36,73,45,33,1.1515151515151516,2.4242424242424243,33.0,8,12,0,0,0,0,1,0,0,0,-0.2727272727272727,1.2121212121212122,-1.2727272727272727,-0.1212121212121212
4893,20/04/13,West Ham,Wigan,2,0,38,37,47,60,1.1470588235294117,0.9117647058823528,34.0,6,7,0,0,0,0,0,0,0,0,-0.2647058823529412,-0.6764705882352942,0.2352941176470588,-0.0294117647058823
4898,27/04/13,Man City,West Ham,2,1,59,38,30,47,2.0,1.1470588235294117,34.0,9,6,0,0,0,0,0,0,0,0,0.8529411764705882,-0.2647058823529412,0.8529411764705882,0.088235294117647
4913,04/05/13,West Ham,Newcastle,0,0,41,43,49,66,1.1666666666666667,1.0277777777777777,36.0,6,4,0,0,0,0,0,0,0,0,-0.2222222222222222,-0.6388888888888888,0.1388888888888889,0.0555555555555555
4921,12/05/13,Everton,West Ham,2,0,52,41,38,49,1.6216216216216215,1.162162162162162,37.0,8,6,0,0,0,0,0,0,0,0,0.3783783783783784,-0.2162162162162162,0.4594594594594595,0.054054054054054
4938,19/05/13,West Ham,Reading,4,2,41,41,51,69,1.131578947368421,0.7368421052631579,38.0,5,5,0,0,0,0,0,0,0,0,-0.2631578947368421,-0.7368421052631579,0.3947368421052631,0.0
4946,17/08/13,West Ham,Cardiff,2,0,0,0,0,0,0.0,0.0,1.0,0,0,0,0,0,0,0,0,0,0,0.0,0.0,0.0,0.0
4955,24/08/13,Newcastle,West Ham,0,0,0,2,4,0,0.0,1.5,2.0,0,3,0,0,0,0,0,0,0,0,-2.0,1.0,-1.5,-1.5
4966,31/08/13,West Ham,Stoke,0,1,2,2,0,2,1.3333333333333333,1.0,3.0,4,3,0,0,0,0,0,0,0,0,0.6666666666666666,0.0,0.3333333333333333,0.3333333333333333
4978,15/09/13,Southampton,West Ham,0,0,2,2,2,1,1.0,1.0,4.0,4,4,0,0,0,0,0,0,0,0,0.0,0.25,0.0,0.0
4985,21/09/13,West Ham,Everton,2,3,2,3,1,2,1.0,1.2,5.0,5,6,0,0,0,0,0,0,0,0,0.2,0.2,-0.2,-0.2
4992,28/09/13,Hull,West Ham,1,0,5,4,7,4,1.1666666666666667,0.8333333333333334,6.0,7,5,0,0,0,0,0,0,0,0,-0.3333333333333333,0.0,0.3333333333333333,0.3333333333333333
5008,06/10/13,Tottenham,West Ham,0,3,6,4,2,5,1.8571428571428568,0.7142857142857143,7.0,10,2,0,0,0,0,0,0,0,0,0.5714285714285714,-0.1428571428571428,1.1428571428571428,1.1428571428571428
5017,19/10/13,West Ham,Man City,1,3,7,17,5,8,1.0,1.625,8.0,4,10,0,0,0,0,0,0,0,0,0.25,1.125,-0.625,-0.75
5028,27/10/13,Swansea,West Ham,0,0,12,8,11,8,1.1111111111111112,0.8888888888888888,9.0,7,4,0,0,0,0,0,0,0,0,0.1111111111111111,0.0,0.2222222222222222,0.3333333333333333
5037,02/11/13,West Ham,Aston Villa,0,0,8,9,8,12,0.9,1.0,10.0,4,7,0,0,0,0,0,0,0,0,0.0,-0.3,-0.1,-0.3
5044,09/11/13,Norwich,West Ham,3,1,6,8,20,8,0.7272727272727273,0.9090909090909092,11.0,4,5,0,0,0,0,0,0,0,0,-1.2727272727272727,0.0,-0.1818181818181818,-0.0909090909090909
5056,23/11/13,West Ham,Chelsea,0,3,9,18,11,10,0.8333333333333334,1.75,12.0,5,10,0,0,0,0,1,0,0,0,-0.1666666666666666,0.6666666666666666,-0.9166666666666666,-0.4166666666666667
5065,30/11/13,West Ham,Fulham,3,0,9,11,14,21,0.7692307692307693,0.7692307692307693,13.0,2,3,0,0,0,0,0,0,0,0,-0.3846153846153846,-0.7692307692307693,0.0,-0.0769230769230769
5070,03/12/13,Crystal Palace,West Ham,1,0,7,12,22,14,0.5,0.9285714285714286,14.0,4,5,0,0,0,0,0,0,0,0,-1.0714285714285714,-0.1428571428571428,-0.4285714285714285,-0.0714285714285714
5081,07/12/13,Liverpool,West Ham,4,1,30,12,17,15,1.8,0.8666666666666667,15.0,7,4,0,0,0,0,0,0,0,0,0.8666666666666667,-0.2,0.9333333333333332,0.2
5096,14/12/13,West Ham,Sunderland,0,0,13,12,19,30,0.8125,0.5,16.0,3,4,0,0,0,0,0,0,0,0,-0.375,-1.125,0.3125,-0.0625
5103,21/12/13,Man United,West Ham,3,1,25,13,19,19,1.4705882352941178,0.8235294117647058,17.0,5,4,0,0,0,0,0,0,0,0,0.3529411764705882,-0.3529411764705882,0.6470588235294118,0.0588235294117647
5119,26/12/13,West Ham,Arsenal,1,3,14,33,22,17,0.7777777777777778,2.0,18.0,4,8,0,0,0,0,0,0,0,0,-0.4444444444444444,0.8888888888888888,-1.2222222222222223,-0.2222222222222222
5125,28/12/13,West Ham,West Brom,3,3,15,19,25,24,0.7368421052631579,0.8947368421052632,19.0,1,2,0,0,0,0,0,0,1,0,-0.5263157894736842,-0.2631578947368421,-0.1578947368421052,-0.0526315789473684
5132,01/01/14,Fulham,West Ham,2,1,19,18,41,28,0.8,0.75,20.0,6,2,0,0,0,0,0,0,0,0,-1.1,-0.5,0.05,0.2
5140,11/01/14,Cardiff,West Ham,0,2,15,19,32,30,0.8571428571428571,0.7142857142857143,21.0,4,2,0,0,0,0,0,0,0,0,-0.8095238095238095,-0.5238095238095238,0.1428571428571428,0.0952380952380952
5156,18/01/14,West Ham,Newcastle,1,3,21,29,30,27,0.8181818181818182,1.5,22.0,4,6,0,0,0,0,0,0,0,0,-0.4090909090909091,0.0909090909090909,-0.6818181818181818,-0.0909090909090909
5167,29/01/14,Chelsea,West Ham,0,0,43,22,20,33,2.130434782608696,0.782608695652174,23.0,15,4,1,1,0,0,0,0,0,0,1.0,-0.4782608695652174,1.3478260869565215,0.4782608695652174
5176,01/02/14,West Ham,Swansea,2,0,22,29,33,33,0.7916666666666666,1.0,24.0,5,4,0,0,0,0,0,0,0,0,-0.4583333333333333,-0.1666666666666666,-0.2083333333333333,0.0416666666666666
5180,08/02/14,Aston Villa,West Ham,0,2,27,24,34,33,1.08,0.88,25.0,7,7,0,0,0,0,0,0,0,0,-0.28,-0.36,0.2,0.0
5193,11/02/14,West Ham,Norwich,2,0,26,19,33,37,0.9615384615384616,0.9615384615384616,26.0,10,5,0,0,0,0,0,0,0,0,-0.2692307692307692,-0.6923076923076923,0.0,0.1923076923076923
5204,22/02/14,West Ham,Southampton,3,1,28,37,33,29,1.037037037037037,1.4444444444444444,27.0,10,9,0,0,0,0,0,0,0,0,-0.1851851851851851,0.2962962962962963,-0.4074074074074074,0.037037037037037
5208,01/03/14,Everton,West Ham,1,0,37,28,27,33,1.6666666666666667,1.037037037037037,27.0,4,10,0,0,0,0,0,0,0,0,0.3703703703703703,-0.1851851851851851,0.6296296296296297,-0.2222222222222222
5226,15/03/14,Stoke,West Ham,3,1,28,31,42,35,1.0344827586206895,1.0689655172413792,29.0,8,12,0,0,0,0,1,0,0,0,-0.4827586206896552,-0.1379310344827586,-0.0344827586206896,-0.1379310344827586
5238,22/03/14,West Ham,Man United,0,2,32,46,38,34,1.0333333333333334,1.6,30.0,9,8,1,0,0,0,0,0,0,0,-0.2,0.4,-0.5666666666666667,0.0333333333333333
5245,26/03/14,West Ham,Hull,2,1,32,32,40,37,1.0,1.064516129032258,31.0,6,6,0,0,0,0,0,0,0,0,-0.2580645161290322,-0.1612903225806451,-0.064516129032258,0.0
5255,31/03/14,Sunderland,West Ham,1,2,29,34,53,41,0.78125,1.0625,32.0,1,6,0,0,0,0,0,0,0,0,-0.75,-0.21875,-0.28125,-0.15625
5264,06/04/14,West Ham,Liverpool,1,2,36,88,42,39,1.121212121212121,2.1515151515151514,33.0,6,15,0,0,1,0,1,1,0,0,-0.1818181818181818,1.4848484848484849,-1.0303030303030305,-0.2727272727272727
5274,15/04/14,Arsenal,West Ham,3,1,56,37,40,44,1.8823529411764703,1.088235294117647,34.0,5,6,0,0,0,0,0,0,0,0,0.4705882352941176,-0.2058823529411764,0.7941176470588235,-0.0294117647058823
5282,19/04/14,West Ham,Crystal Palace,0,1,38,27,47,41,1.0571428571428572,1.1428571428571428,35.0,6,12,0,0,0,0,0,0,0,0,-0.2571428571428571,-0.4,-0.0857142857142857,-0.1714285714285714
5292,26/04/14,West Brom,West Ham,1,0,42,38,54,48,1.0,1.0277777777777777,36.0,8,6,0,0,0,0,0,0,0,0,-0.3333333333333333,-0.2777777777777778,-0.0277777777777777,0.0555555555555555
5302,03/05/14,West Ham,Tottenham,2,0,38,52,49,49,1.0,1.7837837837837838,37.0,3,10,0,0,0,0,0,0,0,0,-0.2972972972972973,0.081081081081081,-0.7837837837837838,-0.1891891891891892
5314,11/05/14,Man City,West Ham,2,0,100,40,37,49,2.1842105263157894,1.0526315789473684,38.0,13,3,0,0,0,0,0,0,1,0,1.6578947368421053,-0.2368421052631578,1.131578947368421,0.2631578947368421
5326,16/08/14,West Ham,Tottenham,0,1,0,0,0,0,0.0,0.0,1.0,0,0,0,0,0,0,0,0,0,0,0.0,0.0,0.0,0.0
5332,23/08/14,Crystal Palace,West Ham,1,3,1,0,2,1,0.0,0.0,2.0,0,0,0,0,0,0,0,0,0,0,-0.5,-0.5,0.0,0.0
5346,30/08/14,West Ham,Southampton,1,3,3,1,2,2,1.0,0.3333333333333333,3.0,3,1,0,0,0,0,0,0,0,0,0.3333333333333333,-0.3333333333333333,0.6666666666666666,0.6666666666666666
5359,15/09/14,Hull,West Ham,2,2,3,4,3,5,1.0,0.75,4.0,4,3,0,0,0,0,0,0,0,0,0.0,-0.25,0.25,0.25
5365,20/09/14,West Ham,Liverpool,3,1,6,6,7,5,0.8,1.2,5.0,4,6,0,0,0,0,0,0,0,0,-0.2,0.2,-0.4,-0.4
5375,27/09/14,Man United,West Ham,2,1,9,9,8,8,0.8333333333333334,1.1666666666666667,6.0,5,7,0,0,0,0,0,0,0,0,0.1666666666666666,0.1666666666666666,-0.3333333333333333,-0.3333333333333333
5389,05/10/14,West Ham,QPR,2,0,10,4,10,13,1.0,0.5714285714285714,7.0,7,4,0,0,0,0,0,0,0,0,0.0,-1.2857142857142858,0.4285714285714285,0.4285714285714285
5391,18/10/14,Burnley,West Ham,1,3,3,12,10,10,0.5,1.25,8.0,4,7,0,0,0,0,0,0,0,0,-0.875,0.25,-0.75,-0.375
5405,25/10/14,West Ham,Man City,2,1,15,18,11,8,1.4444444444444444,1.8888888888888888,9.0,10,11,0,0,0,0,0,0,0,0,0.4444444444444444,1.1111111111111112,-0.4444444444444444,-0.1111111111111111
5416,01/11/14,Stoke,West Ham,2,2,8,17,10,12,1.1,1.6,10.0,7,12,0,0,0,0,0,0,0,0,-0.2,0.5,-0.5,-0.5
5425,08/11/14,West Ham,Aston Villa,0,0,19,5,14,16,1.5454545454545454,0.9090909090909092,11.0,10,0,0,0,0,0,0,0,1,1,0.4545454545454545,-1.0,0.6363636363636364,0.9090909090909092
5432,22/11/14,Everton,West Ham,2,1,20,19,18,14,1.1666666666666667,1.5,12.0,8,11,0,0,0,0,1,0,0,0,0.1666666666666666,0.4166666666666667,-0.3333333333333333,-0.25
5447,29/11/14,West Ham,Newcastle,1,0,20,14,16,15,1.3846153846153846,1.4615384615384617,13.0,8,15,0,0,0,0,1,1,0,0,0.3076923076923077,-0.0769230769230769,-0.0769230769230769,-0.5384615384615384
5455,02/12/14,West Brom,West Ham,1,2,13,21,18,16,0.9285714285714286,1.5,14.0,4,8,0,0,0,0,0,0,0,0,-0.3571428571428571,0.3571428571428571,-0.5714285714285714,-0.2857142857142857
5468,07/12/14,West Ham,Swansea,3,1,23,19,17,14,1.6,1.4666666666666666,15.0,8,8,0,0,0,0,0,0,0,0,0.4,0.3333333333333333,0.1333333333333333,0.0
5475,13/12/14,Sunderland,West Ham,1,1,13,26,23,18,0.9375,1.6875,16.0,4,10,0,0,0,0,0,0,0,0,-0.625,0.5,-0.75,-0.375
5486,20/12/14,West Ham,Leicester,2,0,27,15,19,27,1.6470588235294117,0.5882352941176471,17.0,10,1,0,0,0,0,0,0,0,0,0.4705882352941176,-0.7058823529411765,1.0588235294117647,0.5294117647058824
5492,26/12/14,Chelsea,West Ham,2,0,38,29,13,19,2.333333333333333,1.7222222222222223,18.0,10,13,0,0,0,0,1,0,0,0,1.3888888888888888,0.5555555555555556,0.6111111111111112,-0.1666666666666666
5508,28/12/14,West Ham,Arsenal,1,2,29,32,21,22,1.631578947368421,1.5789473684210529,19.0,10,10,0,0,0,0,0,0,0,0,0.4210526315789473,0.5263157894736842,0.0526315789473684,0.0
5519,01/01/15,West Ham,West Brom,1,1,30,18,23,28,1.55,0.85,20.0,7,4,0,0,0,0,0,0,0,0,0.35,-0.5,0.7,0.15
5526,10/01/15,Swansea,West Ham,1,1,25,31,24,24,1.380952380952381,1.5238095238095235,21.0,7,5,0,0,0,0,0,0,0,0,0.0476190476190476,0.3333333333333333,-0.1428571428571428,0.0952380952380952
5538,18/01/15,West Ham,Hull,3,0,32,20,25,27,1.5,0.8636363636363636,22.0,5,6,0,0,0,0,0,0,0,0,0.3181818181818182,-0.3181818181818182,0.6363636363636364,-0.0454545454545454
5543,31/01/15,Liverpool,West Ham,2,0,31,35,27,25,1.5217391304347827,1.565217391304348,23.0,13,5,0,0,0,0,0,0,0,0,0.1739130434782608,0.4347826086956521,-0.0434782608695652,0.3478260869565217
5559,08/02/15,West Ham,Man United,1,1,35,39,27,22,1.5,1.7916666666666667,24.0,5,8,0,0,0,0,0,0,0,0,0.3333333333333333,0.7083333333333334,-0.2916666666666667,-0.125
5567,11/02/15,Southampton,West Ham,0,0,38,36,17,28,1.8,1.48,25.0,12,6,1,0,0,0,0,0,0,0,0.84,0.32,0.32,0.24
5579,22/02/15,Tottenham,West Ham,2,2,39,36,34,28,1.6538461538461535,1.4615384615384617,26.0,9,6,0,0,0,0,0,0,0,0,0.1923076923076923,0.3076923076923077,0.1923076923076923,0.1153846153846153
5585,28/02/15,West Ham,Crystal Palace,1,3,38,28,30,37,1.4444444444444444,1.0,27.0,6,7,0,0,0,0,0,0,0,0,0.2962962962962963,-0.3333333333333333,0.4444444444444444,-0.037037037037037
5597,04/03/15,West Ham,Chelsea,0,1,39,57,33,22,1.3928571428571428,2.25,28.0,3,11,0,0,0,0,0,0,0,0,0.2142857142857142,1.25,-0.8571428571428571,-0.2857142857142857
5599,14/03/15,Arsenal,West Ham,3,0,51,39,29,33,1.821428571428572,1.3928571428571428,28.0,12,3,0,0,0,0,0,0,0,0,0.7857142857142857,0.2142857142857142,0.4285714285714285,0.3214285714285714
5615,21/03/15,West Ham,Sunderland,1,0,39,23,37,43,1.3,0.8666666666666667,30.0,2,2,0,0,0,0,0,0,0,0,0.0666666666666666,-0.6666666666666666,0.4333333333333333,0.0
5622,04/04/15,Leicester,West Ham,2,1,29,40,49,37,0.7096774193548387,1.3548387096774193,31.0,5,4,0,0,0,0,0,0,0,0,-0.6451612903225806,0.0967741935483871,-0.6451612903225806,0.032258064516129
5636,11/04/15,West Ham,Stoke,1,1,41,35,39,39,1.3125,1.3125,32.0,3,6,0,0,1,0,0,0,0,0,0.0625,-0.125,0.0,-0.09375
5645,19/04/15,Man City,West Ham,2,0,65,42,34,40,1.8484848484848484,1.303030303030303,33.0,6,4,0,0,0,0,0,0,0,0,0.9393939393939394,0.0606060606060606,0.5454545454545454,0.0606060606060606
5651,25/04/15,QPR,West Ham,0,0,38,42,59,42,0.7647058823529411,1.2647058823529411,34.0,4,4,0,0,0,0,0,0,0,0,-0.6176470588235294,0.0,-0.5,0.0
5665,02/05/15,West Ham,Burnley,1,0,42,26,42,52,1.2571428571428571,0.7428571428571429,35.0,5,1,0,0,0,0,0,0,0,0,0.0,-0.7428571428571429,0.5142857142857142,0.1142857142857142
5669,09/05/15,Aston Villa,West Ham,1,0,26,42,48,42,0.9142857142857144,1.2571428571428571,35.0,4,5,0,0,0,0,0,0,0,0,-0.6285714285714286,0.0,-0.3428571428571428,-0.0285714285714285
5685,16/05/15,West Ham,Everton,1,2,43,46,43,48,1.2702702702702702,1.1891891891891893,37.0,5,7,0,0,0,0,0,0,0,0,0.0,-0.054054054054054,0.081081081081081,-0.054054054054054
5698,24/05/15,Newcastle,West Ham,2,0,38,44,63,45,0.9473684210526316,1.236842105263158,38.0,1,4,0,0,1,0,0,0,0,0,-0.6578947368421053,-0.0263157894736842,-0.2894736842105263,-0.0789473684210526
5706,09/08/15,Arsenal,West Ham,0,2,0,0,0,0,0.0,0.0,1.0,0,0,0,0,0,0,0,0,0,0,0.0,0.0,0.0,0.0
5716,15/08/15,West Ham,Leicester,1,2,2,4,0,2,1.5,1.5,2.0,3,3,0,0,0,0,0,0,0,0,1.0,1.0,0.0,0.0
5725,22/08/15,West Ham,Bournemouth,3,4,3,0,2,2,1.0,0.0,3.0,3,0,0,0,0,0,0,0,0,0,0.3333333333333333,-0.6666666666666666,1.0,1.0
5733,29/08/15,Liverpool,West Ham,0,3,2,6,0,6,1.75,0.75,4.0,7,3,0,0,0,0,0,0,0,0,0.5,0.0,1.0,1.0
5749,14/09/15,West Ham,Newcastle,2,0,9,2,6,5,1.2,0.4,5.0,6,2,0,0,0,0,0,0,0,0,0.6,-0.6,0.8,0.8
5753,19/09/15,Man City,West Ham,1,2,11,11,0,6,2.5,1.5,6.0,15,9,1,1,0,0,0,0,0,0,1.8333333333333333,0.8333333333333334,1.0,1.0
5767,26/09/15,West Ham,Norwich,2,2,13,9,7,10,1.7142857142857142,1.1428571428571428,7.0,9,8,0,0,0,0,0,0,0,0,0.8571428571428571,-0.1428571428571428,0.5714285714285714,0.1428571428571428
5776,03/10/15,Sunderland,West Ham,2,2,6,15,16,9,0.25,1.625,8.0,2,10,0,0,0,0,0,0,0,0,-1.25,0.75,-1.375,-1.0
5781,17/10/15,Crystal Palace,West Ham,1,3,11,17,7,11,1.6666666666666667,1.5555555555555556,9.0,9,11,0,0,0,0,1,0,0,0,0.4444444444444444,0.6666666666666666,0.1111111111111111,-0.2222222222222222
5795,24/10/15,West Ham,Chelsea,2,1,20,14,12,17,1.7,1.1,10.0,11,7,0,0,0,0,0,0,0,0,0.8,-0.3,0.6,0.4
5805,31/10/15,Watford,West Ham,2,0,8,22,10,13,1.181818181818182,1.818181818181818,11.0,7,11,0,0,0,0,0,0,0,0,-0.1818181818181818,0.8181818181818182,-0.6363636363636364,-0.3636363636363636
5816,07/11/15,West Ham,Everton,1,1,22,19,15,15,1.6666666666666667,1.3333333333333333,12.0,8,7,0,0,0,0,0,0,0,0,0.5833333333333334,0.3333333333333333,0.3333333333333333,0.0833333333333333
5828,22/11/15,Tottenham,West Ham,4,1,20,23,10,16,1.6153846153846154,1.6153846153846154,13.0,9,8,0,0,0,0,0,0,0,0,0.7692307692307693,0.5384615384615384,0.0,0.0769230769230769
5839,29/11/15,West Ham,West Brom,1,1,24,12,20,17,1.5,1.2142857142857142,14.0,7,9,0,0,0,0,0,0,0,0,0.2857142857142857,-0.3571428571428571,0.2857142857142857,-0.1428571428571428
5842,05/12/15,Man United,West Ham,0,0,20,25,10,21,1.8666666666666667,1.4666666666666666,15.0,9,5,0,0,0,0,0,0,0,0,0.6666666666666666,0.2666666666666666,0.4,0.2666666666666666
5855,12/12/15,West Ham,Stoke,0,0,25,13,21,14,1.4375,1.375,16.0,3,10,0,0,0,0,0,0,0,0,0.25,-0.0625,0.0625,-0.4375
5867,20/12/15,Swansea,West Ham,0,0,15,25,24,21,0.8235294117647058,1.411764705882353,17.0,1,4,0,0,0,0,0,0,0,0,-0.5294117647058824,0.2352941176470588,-0.5882352941176471,-0.1764705882352941
5870,26/12/15,Aston Villa,West Ham,1,1,14,25,31,21,0.3888888888888889,1.3888888888888888,18.0,2,4,0,0,0,0,0,0,0,0,-0.9444444444444444,0.2222222222222222,-1.0,-0.1111111111111111
5887,28/12/15,West Ham,Southampton,2,1,26,25,22,21,1.368421052631579,1.263157894736842,19.0,5,4,0,0,0,0,0,0,0,0,0.2105263157894736,0.2105263157894736,0.1052631578947368,0.0526315789473684
5897,02/01/16,West Ham,Liverpool,2,0,28,22,23,22,1.45,1.5,20.0,7,7,0,0,0,0,0,0,0,0,0.25,0.0,-0.05,0.0
5901,12/01/16,Bournemouth,West Ham,1,3,22,30,34,23,1.0,1.5238095238095235,21.0,8,9,0,0,0,0,0,0,0,0,-0.5714285714285714,0.3333333333333333,-0.5238095238095238,-0.0476190476190476
5914,16/01/16,Newcastle,West Ham,2,1,22,33,38,24,0.8181818181818182,1.5909090909090908,22.0,2,11,0,0,0,0,0,0,0,0,-0.7272727272727273,0.4090909090909091,-0.7727272727272727,-0.4090909090909091
5927,23/01/16,West Ham,Man City,2,2,34,43,26,21,1.5217391304347827,1.8695652173913044,23.0,10,11,0,0,0,0,0,0,0,0,0.3478260869565217,0.9565217391304348,-0.3478260869565217,-0.0434782608695652
5937,02/02/16,West Ham,Aston Villa,2,0,36,18,28,38,1.5,0.5416666666666666,24.0,10,5,1,0,0,0,0,0,0,0,0.3333333333333333,-0.8333333333333334,0.9583333333333334,0.2083333333333333
5944,06/02/16,Southampton,West Ham,1,0,32,38,24,28,1.36,1.56,25.0,10,10,0,0,0,0,0,0,0,0,0.32,0.4,-0.2,0.0
5954,13/02/16,Norwich,West Ham,2,2,28,38,48,29,0.8846153846153846,1.5,26.0,0,7,0,0,1,1,0,0,0,0,-0.7692307692307693,0.3461538461538461,-0.6153846153846154,-0.2692307692307692
5965,27/02/16,West Ham,Sunderland,1,0,40,32,31,50,1.4814814814814814,0.8518518518518519,27.0,5,5,0,0,0,0,0,0,0,0,0.3333333333333333,-0.6666666666666666,0.6296296296296297,0.0
5977,02/03/16,West Ham,Tottenham,1,0,41,49,31,21,1.5357142857142858,1.9285714285714288,28.0,8,15,0,0,0,0,1,1,0,0,0.3571428571428571,1.0,-0.3928571428571428,-0.25
5979,05/03/16,Everton,West Ham,2,3,49,41,36,31,1.3571428571428572,1.5357142857142858,28.0,9,8,0,0,0,0,0,0,0,0,0.4642857142857143,0.3571428571428571,-0.1785714285714285,0.0357142857142857
5993,19/03/16,Chelsea,West Ham,2,2,43,45,39,33,1.3333333333333333,1.6333333333333333,30.0,11,10,0,0,0,0,0,0,0,0,0.1333333333333333,0.4,-0.3,0.0333333333333333
6010,02/04/16,West Ham,Crystal Palace,2,2,49,34,37,42,1.59375,1.0625,32.0,11,2,1,0,0,0,0,0,0,0,0.375,-0.25,0.53125,0.28125
6019,09/04/16,West Ham,Arsenal,3,3,49,52,37,30,1.59375,1.8125,32.0,11,7,1,0,0,0,0,0,0,0,0.375,0.6875,-0.21875,0.125
6032,17/04/16,Leicester,West Ham,2,2,57,54,31,42,2.117647058823529,1.5588235294117647,34.0,15,7,1,1,0,0,0,0,0,0,0.7647058823529411,0.3529411764705882,0.5588235294117647,0.2352941176470588
6037,20/04/16,West Ham,Watford,3,1,54,32,42,37,1.5588235294117647,1.2058823529411764,34.0,7,4,0,0,0,0,0,0,1,0,0.3529411764705882,-0.1470588235294117,0.3529411764705882,0.088235294117647
6051,30/04/16,West Brom,West Ham,0,3,32,60,43,43,1.1388888888888888,1.6388888888888888,36.0,2,9,0,0,0,0,0,0,0,0,-0.3055555555555556,0.4722222222222222,-0.5,-0.1944444444444444
6062,07/05/16,West Ham,Swansea,1,4,61,37,47,50,1.5945945945945943,1.162162162162162,37.0,8,7,0,0,0,0,0,0,0,0,0.3783783783783784,-0.3513513513513513,0.4324324324324324,0.027027027027027
6066,10/05/16,West Ham,Man United,3,2,61,44,47,31,1.5945945945945943,1.7027027027027026,37.0,8,10,0,0,0,0,0,0,0,0,0.3783783783783784,0.3513513513513513,-0.1081081081081081,-0.054054054054054
6075,15/05/16,Stoke,West Ham,2,1,39,64,54,49,1.263157894736842,1.631578947368421,38.0,1,10,0,0,1,0,0,0,0,0,-0.3947368421052631,0.3947368421052631,-0.3684210526315789,-0.2368421052631578
6089,15/08/16,Chelsea,West Ham,2,1,0,0,0,0,0.0,0.0,1.0,0,0,0,0,0,0,0,0,0,0,0.0,0.0,0.0,0.0
6099,21/08/16,West Ham,Bournemouth,1,0,1,1,2,3,0.0,0.0,2.0,0,0,0,0,0,0,0,0,0,0,-0.5,-1.0,0.0,0.0
6108,28/08/16,Man City,West Ham,3,1,6,2,2,2,2.0,1.0,3.0,6,3,0,0,0,0,0,0,0,0,1.3333333333333333,0.0,1.0,1.0
6117,10/09/16,West Ham,Watford,2,4,3,3,5,6,0.75,0.25,4.0,3,1,0,0,0,0,0,0,0,0,-0.5,-0.75,0.5,0.5
6125,17/09/16,West Brom,West Ham,4,2,2,5,3,9,0.8,0.6,5.0,4,3,0,0,0,0,0,0,0,0,-0.2,-0.8,0.2,0.2
6138,25/09/16,West Ham,Southampton,0,3,7,4,13,6,0.5,0.8333333333333334,6.0,3,5,0,0,0,0,0,0,0,0,-1.0,-0.3333333333333333,-0.3333333333333333,-0.3333333333333333
6145,01/10/16,West Ham,Middlesbrough,1,1,7,6,16,9,0.4285714285714285,0.7142857142857143,7.0,3,4,0,0,0,0,0,0,0,0,-1.2857142857142858,-0.4285714285714285,-0.2857142857142857,-0.1428571428571428
6153,15/10/16,Crystal Palace,West Ham,0,1,11,8,8,17,1.375,0.5,8.0,11,1,0,0,0,0,0,0,1,0,0.375,-1.125,0.875,1.25
6167,22/10/16,West Ham,Sunderland,1,0,9,6,17,15,0.7777777777777778,0.2222222222222222,9.0,4,1,0,0,1,0,0,0,1,0,-0.8888888888888888,-1.0,0.5555555555555556,0.3333333333333333
6177,30/10/16,Everton,West Ham,2,0,13,10,8,17,1.5,1.0,10.0,5,7,0,0,0,0,0,0,0,0,0.5,-0.7,0.5,-0.2
6184,05/11/16,West Ham,Stoke,1,1,10,12,19,17,0.9090909090909092,1.0909090909090908,11.0,7,11,0,0,0,0,0,0,0,0,-0.8181818181818182,-0.4545454545454545,-0.1818181818181818,-0.3636363636363636
6196,19/11/16,Tottenham,West Ham,3,2,15,11,6,20,1.75,0.9166666666666666,12.0,7,8,0,0,0,0,0,0,0,0,0.75,-0.75,0.8333333333333334,-0.0833333333333333
6207,27/11/16,Man United,West Ham,1,1,17,13,14,23,1.4615384615384617,0.8461538461538461,13.0,6,7,0,0,0,0,0,0,0,0,0.2307692307692307,-0.7692307692307693,0.6153846153846154,-0.0769230769230769
6216,03/12/16,West Ham,Arsenal,1,5,14,28,24,13,0.8571428571428571,2.0,14.0,5,9,0,0,0,0,0,0,0,0,-0.7142857142857143,1.0714285714285714,-1.1428571428571428,-0.2857142857142857
6227,11/12/16,Liverpool,West Ham,2,2,35,15,18,29,2.0,0.8,15.0,10,2,0,0,0,0,0,0,0,0,1.1333333333333333,-0.9333333333333332,1.2,0.5333333333333333
6239,14/12/16,West Ham,Burnley,1,0,17,15,31,25,0.8125,1.0625,16.0,3,6,0,0,0,0,0,0,0,0,-0.875,-0.625,-0.25,-0.1875
6245,17/12/16,West Ham,Hull,1,0,18,14,31,35,0.9411764705882352,0.7058823529411765,17.0,5,2,0,0,0,0,0,0,0,0,-0.7647058823529411,-1.2352941176470589,0.2352941176470588,0.1764705882352941
6256,26/12/16,Swansea,West Ham,1,4,20,19,37,31,0.6666666666666666,1.0555555555555556,18.0,6,8,0,0,0,0,0,0,0,0,-0.9444444444444444,-0.6666666666666666,-0.3888888888888889,-0.1111111111111111
6263,31/12/16,Leicester,West Ham,1,0,23,23,31,32,0.8947368421052632,1.1578947368421053,19.0,4,10,0,0,0,0,0,0,0,0,-0.4210526315789473,-0.4736842105263157,-0.2631578947368421,-0.3157894736842105
6275,02/01/17,West Ham,Man United,0,2,23,29,33,19,1.1,1.8,20.0,10,15,0,0,0,0,1,1,0,0,-0.5,0.5,-0.7,-0.25
6287,14/01/17,West Ham,Crystal Palace,3,0,23,30,35,37,1.0476190476190477,0.7619047619047619,21.0,9,1,1,0,0,0,0,0,0,0,-0.5714285714285714,-0.3333333333333333,0.2857142857142857,0.3809523809523809
6294,21/01/17,Middlesbrough,West Ham,1,3,17,26,22,35,0.9090909090909092,1.1363636363636365,22.0,5,9,0,0,0,0,0,0,0,0,-0.2272727272727272,-0.4090909090909091,-0.2272727272727272,-0.1818181818181818
6309,01/02/17,West Ham,Man City,0,4,29,43,36,28,1.2173913043478262,1.8695652173913044,23.0,9,7,0,0,0,0,0,0,0,0,-0.3043478260869565,0.6521739130434783,-0.6521739130434783,0.0869565217391304
6314,04/02/17,Southampton,West Ham,1,3,23,29,28,40,1.125,1.1666666666666667,24.0,3,6,0,0,1,0,0,0,0,0,-0.2083333333333333,-0.4583333333333333,-0.0416666666666666,-0.125
6326,11/02/17,West Ham,West Brom,2,2,32,32,41,29,1.24,1.44,25.0,9,10,0,0,0,0,0,0,0,0,-0.36,0.12,-0.2,-0.04
6334,25/02/17,Watford,West Ham,1,1,29,34,42,43,1.1538461538461535,1.2307692307692308,26.0,8,10,0,0,0,0,0,0,0,0,-0.5,-0.3461538461538461,-0.0769230769230769,-0.0769230769230769
6347,06/03/17,West Ham,Chelsea,1,2,35,55,44,19,1.2222222222222223,2.333333333333333,27.0,8,11,0,0,0,0,0,0,0,0,-0.3333333333333333,1.3333333333333333,-1.1111111111111112,-0.1111111111111111
6349,11/03/17,Bournemouth,West Ham,3,2,36,35,51,44,0.9629629629629628,1.2222222222222223,27.0,1,8,0,0,0,0,0,0,0,0,-0.5555555555555556,-0.3333333333333333,-0.2592592592592592,-0.2592592592592592
6359,18/03/17,West Ham,Leicester,2,3,36,30,46,45,1.1785714285714286,0.9642857142857144,28.0,5,6,0,0,0,0,0,0,1,0,-0.3571428571428571,-0.5357142857142857,0.2142857142857142,-0.0357142857142857
6365,01/04/17,Hull,West Ham,2,1,26,38,54,49,0.8275862068965517,1.137931034482759,29.0,7,5,0,0,0,0,0,0,0,0,-0.9655172413793104,-0.3793103448275862,-0.3103448275862069,0.0689655172413793
6377,05/04/17,Arsenal,West Ham,3,0,61,40,36,52,1.8,1.1,30.0,7,2,0,0,0,0,0,0,0,0,0.8333333333333334,-0.4,0.7,0.1666666666666666
6389,08/04/17,West Ham,Swansea,1,0,41,36,54,63,1.064516129032258,0.9032258064516128,31.0,1,4,0,0,0,0,0,0,0,0,-0.4193548387096774,-0.8709677419354839,0.1612903225806451,-0.0967741935483871
6397,15/04/17,Sunderland,West Ham,2,2,24,41,56,57,0.625,1.03125,32.0,1,0,0,0,0,0,0,0,1,1,-1.0,-0.5,-0.40625,0.03125
6406,22/04/17,West Ham,Everton,0,0,42,57,57,36,1.0909090909090908,1.6363636363636365,33.0,3,10,0,0,1,0,0,0,0,0,-0.4545454545454545,0.6363636363636364,-0.5454545454545454,-0.2121212121212121
6416,29/04/17,Stoke,West Ham,0,0,37,44,48,59,1.1470588235294117,1.088235294117647,34.0,3,4,0,0,1,0,0,0,1,0,-0.3235294117647059,-0.4411764705882353,0.0588235294117647,-0.0294117647058823
6424,05/05/17,West Ham,Tottenham,1,0,44,71,59,22,1.0857142857142856,2.2,35.0,5,15,0,0,0,0,1,1,0,0,-0.4285714285714285,1.4,-1.1142857142857143,-0.2857142857142857
6444,14/05/17,West Ham,Liverpool,0,4,45,71,59,42,1.135135135135135,1.891891891891892,37.0,9,10,0,0,0,0,0,0,0,0,-0.3783783783783784,0.7837837837837838,-0.7567567567567568,-0.027027027027027
6451,21/05/17,Burnley,West Ham,1,2,38,45,53,63,1.0526315789473684,1.105263157894737,38.0,4,6,0,0,0,0,0,0,0,0,-0.3947368421052631,-0.4736842105263157,-0.0526315789473684,-0.0526315789473684
6468,13/08/17,Man United,West Ham,4,0,0,0,0,0,0.0,0.0,1.0,0,0,0,0,0,0,0,0,0,0,0.0,0.0,0.0,0.0
6474,19/08/17,Southampton,West Ham,3,2,0,0,0,4,0.5,0.0,2.0,1,0,0,0,0,0,0,0,0,0,0.0,-2.0,0.5,0.5
6484,26/08/17,Newcastle,West Ham,3,0,0,2,3,7,0.0,0.0,3.0,0,0,0,0,0,0,0,0,0,0,-1.0,-1.6666666666666667,0.0,0.0
6499,11/09/17,West Ham,Huddersfield,2,0,2,4,10,0,0.0,1.75,4.0,0,7,0,0,0,0,0,0,0,0,-2.0,1.0,-1.75,-1.75
6507,16/09/17,West Brom,West Ham,0,0,4,4,4,10,1.4,0.6,5.0,7,3,0,0,0,0,0,0,0,0,0.0,-1.2,0.8,0.8
6517,23/09/17,West Ham,Tottenham,2,3,4,7,10,3,0.6666666666666666,1.3333333333333333,6.0,4,8,0,0,1,0,0,0,0,0,-1.0,0.6666666666666666,-0.6666666666666666,-0.6666666666666666
6526,30/09/17,West Ham,Swansea,1,0,6,3,13,7,0.5714285714285714,0.7142857142857143,7.0,4,4,0,0,0,0,0,0,0,0,-1.0,-0.5714285714285714,-0.1428571428571428,0.0
6530,14/10/17,Burnley,West Ham,1,1,7,7,5,13,1.5,0.875,8.0,9,7,0,0,0,0,0,0,0,0,0.25,-0.75,0.625,0.25
6540,20/10/17,West Ham,Brighton,0,3,8,6,14,10,0.8888888888888888,0.8888888888888888,9.0,8,7,0,0,0,0,0,0,0,0,-0.6666666666666666,-0.4444444444444444,0.0,0.1111111111111111
6552,28/10/17,Crystal Palace,West Ham,2,2,2,8,19,17,0.3,0.8,10.0,3,5,0,0,1,0,0,0,0,0,-1.7,-0.9,-0.5,-0.2
6565,04/11/17,West Ham,Liverpool,1,4,10,17,19,16,0.8181818181818182,1.4545454545454546,11.0,5,8,0,0,0,0,0,0,0,0,-0.8181818181818182,0.0909090909090909,-0.6363636363636364,-0.2727272727272727
6578,19/11/17,Watford,West Ham,2,0,17,11,21,23,1.25,0.75,12.0,4,5,0,0,0,0,0,0,0,0,-0.3333333333333333,-1.0,0.5,-0.0833333333333333
6580,24/11/17,West Ham,Leicester,1,1,11,16,25,18,0.6923076923076923,1.0,13.0,2,8,0,0,0,0,0,0,0,0,-1.0769230769230769,-0.1538461538461538,-0.3076923076923077,-0.4615384615384615
6597,29/11/17,Everton,West Ham,4,0,13,12,28,26,0.8571428571428571,0.7142857142857143,14.0,4,2,0,0,0,0,0,0,0,0,-1.0714285714285714,-1.0,0.1428571428571428,0.1428571428571428
6609,03/12/17,Man City,West Ham,2,1,44,12,9,30,2.6666666666666665,0.6666666666666666,15.0,15,2,1,1,0,0,0,0,0,0,2.333333333333333,-1.2,2.0,0.8666666666666667
6616,09/12/17,West Ham,Chelsea,1,0,13,28,32,12,0.625,2.0,16.0,1,13,0,0,0,0,0,0,0,0,-1.1875,1.0,-1.375,-0.75
6629,13/12/17,West Ham,Arsenal,0,0,14,30,32,20,0.7647058823529411,1.7058823529411764,17.0,4,10,0,0,0,0,1,0,0,0,-1.0588235294117647,0.5882352941176471,-0.9411764705882352,-0.3529411764705882
6635,16/12/17,Stoke,West Ham,0,3,19,14,36,32,0.8888888888888888,0.7777777777777778,18.0,3,5,0,0,0,0,0,0,0,0,-0.9444444444444444,-1.0,0.1111111111111111,-0.1111111111111111
6649,23/12/17,West Ham,Newcastle,2,3,17,16,32,27,0.8947368421052632,0.7894736842105263,19.0,7,1,0,0,0,0,0,0,0,0,-0.7894736842105263,-0.5789473684210527,0.1052631578947368,0.3157894736842105
6650,26/12/17,Bournemouth,West Ham,3,3,15,19,28,35,0.8,0.85,20.0,2,7,0,0,0,0,0,0,0,0,-0.65,-0.8,-0.05,-0.25
6677,02/01/18,West Ham,West Brom,2,1,24,15,39,28,0.9545454545454546,0.7272727272727273,22.0,8,3,0,0,0,0,0,0,0,0,-0.6818181818181818,-0.5909090909090909,0.2272727272727272,0.2272727272727272
6679,04/01/18,Tottenham,West Ham,1,1,41,24,20,39,1.818181818181818,0.9545454545454546,22.0,12,8,0,0,0,0,0,0,0,0,0.9545454545454546,-0.6818181818181818,0.8636363636363636,0.1818181818181818
6682,13/01/18,Huddersfield,West Ham,1,4,18,25,35,40,1.0434782608695652,0.9565217391304348,23.0,6,8,0,0,0,0,0,0,0,0,-0.7391304347826086,-0.6521739130434783,0.0869565217391304,-0.0869565217391304
6697,20/01/18,West Ham,Bournemouth,1,1,29,24,41,35,1.0416666666666667,1.0,24.0,8,8,0,0,0,0,0,0,0,0,-0.5,-0.4583333333333333,0.0416666666666666,0.0
6702,30/01/18,West Ham,Crystal Palace,1,1,30,22,42,37,1.04,1.0,25.0,9,7,0,0,0,0,0,0,0,0,-0.48,-0.6,0.04,0.08
6712,03/02/18,Brighton,West Ham,3,1,18,31,34,43,0.9230769230769232,1.0384615384615383,26.0,3,9,0,0,0,0,0,0,0,0,-0.6153846153846154,-0.4615384615384615,-0.1153846153846153,-0.2307692307692307
6725,10/02/18,West Ham,Watford,2,0,32,37,46,45,1.0,1.1111111111111112,27.0,6,5,0,0,0,0,0,0,0,0,-0.5185185185185185,-0.2962962962962963,-0.1111111111111111,0.037037037037037
6734,24/02/18,Liverpool,West Ham,4,1,61,34,31,46,1.9285714285714288,1.0714285714285714,28.0,10,8,0,0,0,0,0,0,0,0,1.0714285714285714,-0.4285714285714285,0.8571428571428571,0.0714285714285714
6744,03/03/18,Swansea,West Ham,4,1,21,35,41,50,0.9310344827586208,1.0344827586206895,29.0,10,5,0,0,0,0,0,0,0,0,-0.6896551724137931,-0.5172413793103449,-0.1034482758620689,0.1724137931034483
6756,10/03/18,West Ham,Burnley,0,3,36,24,54,26,1.0,1.3333333333333333,30.0,4,6,0,0,0,0,0,0,0,0,-0.6,-0.0666666666666666,-0.3333333333333333,-0.0666666666666666
6771,31/03/18,West Ham,Southampton,3,0,39,29,57,47,1.03125,0.875,32.0,6,2,0,0,0,0,0,0,0,0,-0.5625,-0.5625,0.15625,0.125
6783,08/04/18,Chelsea,West Ham,1,1,54,40,31,58,1.7272727272727273,1.0303030303030305,33.0,4,4,0,0,0,0,0,0,1,0,0.696969696969697,-0.5454545454545454,0.696969696969697,0.0
6793,16/04/18,West Ham,Stoke,1,1,41,30,59,63,1.0294117647058822,0.7941176470588235,34.0,5,1,0,0,0,0,0,0,0,0,-0.5294117647058824,-0.9705882352941176,0.2352941176470588,0.1176470588235294
6800,22/04/18,Arsenal,West Ham,4,1,66,42,46,63,1.6285714285714286,1.0,35.0,12,5,1,0,0,0,0,0,0,0,0.5714285714285714,-0.6,0.6285714285714286,0.2
6812,29/04/18,West Ham,Man City,1,4,43,102,67,26,0.9722222222222222,2.583333333333333,36.0,5,12,0,0,0,0,0,0,0,0,-0.6666666666666666,2.111111111111111,-1.6111111111111112,-0.1944444444444444
6817,05/05/18,Leicester,West Ham,0,2,49,43,52,67,1.2222222222222223,0.9722222222222222,36.0,4,5,0,0,0,0,0,0,0,0,-0.0833333333333333,-0.6666666666666666,0.25,-0.0277777777777777
6829,10/05/18,West Ham,Man United,0,0,45,67,67,28,1.027027027027027,2.081081081081081,37.0,5,9,0,0,0,0,0,0,0,0,-0.5945945945945946,1.054054054054054,-1.054054054054054,-0.1081081081081081
6839,13/05/18,West Ham,Everton,3,1,45,43,67,55,1.0263157894736843,1.2894736842105263,38.0,5,9,0,0,0,0,0,0,0,0,-0.5789473684210527,-0.3157894736842105,-0.2631578947368421,-0.1052631578947368
