FTHG,FTAG,HTGS,ATGS,HTGC,ATGC,HTP,ATP,HTFormPts,ATFormPts,HTWinStreak3,HTWinStreak5,HTLossStreak3,ATWinStreak3,ATWinStreak5,ATLossStreak3,ATLossStreak5,HTGD,ATGD,DiffPts,DiffFormPts
0.97979797979798,1,8.79439252336449,9.77391304347826,12.6259541984733,12.3740458015267,0.98759578143458,1.05848473588542,5.84848484848485,6.25373134328358,0,0,0,0,0,0,0,-0.568873456826275,-0.223831046199405,-0.0985978121262541,-0.0288154954604911
0.551020408163265,2,9.63716814159292,9.2991452991453,11.6532258064516,14.4318181818182,1.09048345320842,0.898539803156321,6.58252427184466,3.29545454545455,0,0,0,0,0,0,0,-0.173440202587568,-0.625331788323348,0.185269197172605,0.223470667658775
2.48,1,12.6448598130841,10.2377049180328,11.4117647058824,15.3149606299213,1.08235827741487,0.912505296137342,6.53333333333333,3.41666666666667,0,0,0,0,0,0,0,-0.254012909507045,-0.519846285171462,0.166921464178033,0.19752742046099
2.41666666666667,0,14.8857142857143,12.0222222222222,12.359375,15.3720930232558,1.35941010678504,1.09733979133571,6.53333333333333,6.29411764705882,0,0,0,0,0,0,0,0.45481305566763,-0.194727820300796,0.21801341053562,-0.0036471755602474
0.416666666666667,0,13.0246913580247,13.2105263157895,13.8045112781955,15.4927536231884,1.06520162628795,1.08791811622179,6.46428571428571,3.10416666666667,0,0,0,0,0,0,0,-0.266659745474355,-0.158311491776729,0.0462606978952354,0.176603516499397
0.608695652173913,1,9.82905982905983,14.128,15.1571428571429,17.1865671641791,1.01695474283085,1.09607918217376,5.9811320754717,5.11111111111111,0,0,0,0,0,0,0,-0.348294309113129,-0.221819512661732,-0.0464116870177498,0.00997399515670277
0.977011494252874,1,12.411214953271,14.5447154471545,14.486301369863,17.968253968254,1.11658795341914,1.28696372880279,6.58252427184466,4.41176470588235,0,0,0,0,0,0,0,-0.229780407277301,-0.185576562915766,-0.135966618026821,0.0574984778473148
1.6875,0,17.0366972477064,14.6666666666667,16.6692307692308,18.6776859504132,1.21188796002238,1.10505494916605,6.53333333333333,7.28985507246377,0,0,0,0,0,0,0,-0.0684501440518106,-0.199820734707714,0.122222613657013,-0.0115299402958647
0.531645569620253,1,18.712962962963,14.6854838709677,18.4634146341463,18.8740157480315,1.13412597935581,1.11245351227723,6.52272727272727,5.6,0,0,0,0,0,0,0,-0.127317764926264,-0.229794950599391,0.0877172046179358,0.0315168838867317
1.02020202020202,1,17.9411764705882,17.2118644067797,19.0854700854701,19.3333333333333,1.12191188385308,1.14087892737795,7.24050632911392,12.1428571428571,0,0,0,1,0,0,0,-0.229676950460028,-0.166431527425794,-0.00865021811643765,-0.0787509115027388
1,1,21.52,18.3362831858407,18.3252032520325,19.9430894308943,1.10980062758434,1.51023827870929,6.95161290322581,8.09090909090909,0,0,0,0,0,0,0,-0.24170605964348,-0.102065079763391,-0.269269016338617,0.00848948187086324
1.75700934579439,0,26.6875,17.8660714285714,20.8879310344828,20.758064516129,1.48367571492228,1.12702689264942,7.51351351351351,6.01785714285714,1,0,0,0,0,0,0,0.230911109011736,-0.1923018781938,0.224580930952636,0.0323078133999422
1.75,0,26.4533333333333,26.3793103448276,24.0714285714286,22.3388429752066,1.1259567048127,1.10292241554206,8.225,5.27272727272727,0,0,0,0,0,0,0,-0.17295492797791,-0.235882429319302,0.0831397746836427,0.0873227379940764
0.531645569620253,4,23.2134831460674,37.45,25.1160714285714,23.109243697479,1.084583115372,1.84270525333866,5.52,9.66666666666667,0,0,0,0,0,0,0,-0.278883919471126,0.831230525280838,-0.668516897562804,-0.0831007605370544
1,1,25.7692307692308,27.1363636363636,28.2117647058824,25.6422018348624,1.26767744630275,1.05025188813959,7.09090909090909,5.4,0,0,0,0,0,0,0,-0.0128832719595522,-0.296710675325781,0.179901602334185,0.0325343519886547
3.3125,2,24.7176470588235,25.7948717948718,34.4230769230769,26.6595744680851,0.993149966540457,1.0723547415922,3.8,5,0,0,0,0,0,0,0,-0.419526000594127,-0.31684597028101,-0.0791536524601174,0.0828833241660774
0.619047619047619,1,21.8556701030928,35.4,37.0555555555556,25.6111111111111,1.06174560954566,1.79226734100726,1.75,12.8,0,0,1,1,1,0,0,-0.388948791900827,0.628532404211521,-0.56867016302309,-0.2768257351285
0.977011494252874,3,21.0196078431373,36.6590909090909,36.6666666666667,23.1935483870968,1.06333837689671,1.60488736044657,1.59090909090909,6.625,0,0,1,0,0,0,0,-0.372454676159834,0.698368298368298,-0.471950434452848,-0.0190512257481108
1.6875,1,24.0674157303371,34.3913043478261,36.3837209302326,30.4657534246575,1.01760880839434,1.34621343010601,2.17391304347826,7.72131147540984,0,0,0,0,0,0,0,-0.436147633826505,0.410834844168178,-0.325402078074979,-0.0635144221149514
0.531645569620253,2,29.0307692307692,27.9295774647887,36.6216216216216,37.1733333333333,1.13211202173577,1.07723440664885,5.71794871794872,4.56862745098039,0,0,0,0,0,0,0,-0.131929699152743,-0.353469931072122,0.0914091310540788,0.0261343109759167
1.02020202020202,0,33.4615384615385,24.8877551020408,39.0519480519481,38.4142857142857,1.15423644458549,1.036273898417,5.1,5.78,0,0,0,0,0,1,0,-0.209316833030001,-0.387053901226361,0.105675870685733,-0.00471801961425194
1,0,30.85,23.5940594059406,40.1351351351351,40.955223880597,1.07683884154793,0.89025945242525,5.80412371134021,3.25,0,0,0,0,0,0,0,-0.34324244528764,-0.587528333585524,0.168536200315296,0.04912219293128
1.75700934579439,1,35.8958333333333,24.2934782608696,40.3108108108108,40.3541666666667,1.22463396775863,1.02229325135212,5.09722222222222,7.5,0,0,0,0,0,0,0,-0.154928370136652,-0.472919393782564,0.13796836849769,-0.0383152860128676
1.75,0,31.4117647058824,23.8315789473684,41.3134328358209,43.5106382978723,1.09037099253054,0.809206920485779,8,1.71428571428571,0,0,0,0,0,1,1,-0.29881019343525,-0.695741248776693,0.244744503949515,0.103153706909799
0.575,2,34.3709677419355,30.4354838709677,42.1587301587302,41.7179487179487,1.21607940703766,1.04552117304919,3.5,7.17647058823529,0,0,0,0,0,0,0,-0.211083258002647,-0.320632009352491,0.136015021818638,-0.078547252331207
2.48,2,30.7358490566038,34.4406779661017,41.241935483871,38.21875,1.09834148074152,1.23231476109228,8.35294117647059,5.95744680851064,0,0,0,0,0,0,0,-0.274008089887418,-0.0633350359468951,-0.0773504535813613,0.0229041478868068
2.33333333333333,0,31.2222222222222,35.6415094339623,41.3134328358209,37.1571428571429,1.09752760414524,1.21192342801575,7.6875,6.90909090909091,0,0,0,0,0,0,0,-0.286912709565962,-0.0565153409413558,-0.0278047427527043,0.0163207469645381
1.04761904761905,0,59.7142857142857,34.3018867924528,42.5245901639344,42.3225806451613,1.56018078824682,1.16692025310655,4.21052631578947,11.2352941176471,0,0,1,0,0,0,0,0.144233857945573,-0.205060822109185,0.248632746506528,-0.0572601949151084
1.72,2,39,39,45.6,46.6666666666667,1.03947368421053,1.02928475033738,11.25,9.8,1,0,0,0,0,0,0,-0.232365203262517,-0.309777056335163,0.115448071965871,0.0232968812192662
0.987654320987654,0,1.33333333333333,3,2.8,0,0.126923076923077,0,1.33333333333333,1.81818181818182,0,0,0,0,0,0,0,-0.134415733586322,-0.130922090450178,0.0605629128959737,0.0625
0.550724637681159,0,6.71052631578947,6.02631578947368,8,6.65277777777778,0.45,1.5,1.57894736842105,3.7037037037037,0,0,0,0,0,0,0,-0.112460407418083,0.282204675404293,-1,-1
0.557377049180328,1,7.20238095238095,6.94252873563218,8.16867469879518,7.01298701298701,0.596190476190476,1.57844480115692,2.58823529411765,6.43373493975904,0,0,0,0,0,0,0,-0.35685023878803,0.344299301888588,-1.5,-1.5
1.68965517241379,2,7.84615384615385,8.22680412371134,8.87234042553191,7.89156626506024,1.39460104603783,1.38761892302144,7,6.20512820512821,0,0,0,0,0,0,0,0.212520480440611,0.395403126285479,0.166108966108966,0.2
0.484848484848485,2,8.12631578947368,8.84403669724771,9,8.33333333333333,0.983783565070985,1.65045518688173,5.4,10.0384615384615,0,0,0,0,0,0,0,-0.573431257344301,0.582999700104963,-0.757460135717335,-0.888888888888889
1.69047619047619,0,8.50485436893204,9.31531531531532,8.53409090909091,8.52173913043478,1.66782212885154,1.44576286241538,9.86666666666667,8.25,0,0,0,0,0,0,0,0.666666666666667,0.69025641025641,0.168965857950384,0.0333333333333333
2.35897435897436,0,9.5377358490566,10.9909090909091,8.42352941176471,9.14141414141414,1.91844919786096,1.50089605734767,8.66666666666667,9,0,0,0,0,0,0,0,1.25,0.666666666666667,0.155762701852281,0.013577349889266
0.416666666666667,0,9.1743119266055,12.7549019607843,8.60919540229885,10.2882882882883,1.51835951772013,2.375,8.41935483870968,12.125,0,0,0,0,0,0,0,-0.0953751065643649,1.20431455240666,-0.423793203851113,-0.148007812022487
0.622222222222222,0,8.85436893203883,11.8387096774194,9.77,10.0380952380952,1.4623536838978,0.85393551446183,7.2,7.41666666666667,0,0,0,0,0,0,0,0.0518849206349206,-0.248747311905207,0.568219125072361,0.057025735248134
0.608695652173913,1,9.18691588785047,9.85950413223141,10.6413043478261,10.141592920354,0.943012291613485,1.42021713273487,5.97560975609756,7.06666666666667,0,0,0,0,0,0,0,-0.742292712043999,0.080821095796227,-0.646888110151587,-0.0545767174650828
1.02020202020202,2,9.02884615384615,10.7637795275591,12.25,10.2037037037037,1.51289521467668,1.25236572570482,7.3125,9.02631578947368,0,0,0,0,0,0,0,0.208333333333333,-0.0427069592544426,0.330721755052384,-0.0305267619430247
0.97979797979798,1,8.92660550458716,15.8571428571429,14.0147058823529,10.8235294117647,0.925770296177192,1.38817072204169,7.04651162790698,5.73333333333333,0,0,0,0,0,0,0,-1.06666666666667,0.0919569321846362,-0.5889734859691,0.19198174055989
0.551020408163265,3,11.22,19.2666666666667,13.7922077922078,11.1333333333333,1.33707499143699,2.0635976702509,6.02105263157895,11.2,0,0,0,0,0,0,0,-0.162519936204147,1.0349825195896,-0.451519687375571,-0.296143998646148
2.35483870967742,1,13.697247706422,17.3648648648649,11.5210084033613,15.4536082474227,1.19591998298778,1.39375584158193,6.48979591836735,6.16666666666667,0,0,0,0,0,0,0,0.0354366785409193,-0.124249415720988,-0.0447895130255541,0.0285062073089476
0.416666666666667,4,16.123595505618,14.1491228070175,15.7179487179487,17.97,1.20875276634621,1.07655883156491,4.67741935483871,5.73469387755102,0,0,0,0,0,0,0,-0.233837051945474,-0.254972159225169,0.261338556858476,-0.0436457115301677
0.557377049180328,2,18.4938271604938,15.8877551020408,17.5087719298246,20.2672413793103,1.07246571169248,1.1722546556488,9.6,2.58620689655172,0,0,0,0,0,0,0,-0.128751384669172,-0.256090625630574,-0.116115042230608,0.37195940424458
1.6547619047619,1,17.9879518072289,17.1702127659574,19.1228070175439,18.4354838709677,1.23897882811001,1.11963416300479,4.96428571428571,2.71428571428571,0,0,0,0,0,1,0,-0.242385150057306,-0.0750652157105301,0.148398045603309,0.0630729250966511
1,0,18.0970873786408,17.3814432989691,22.8019801980198,20,1.08022942002949,1.23905769643882,6.39473684210526,5.57142857142857,0,0,0,0,0,0,0,-0.21049069005505,-0.203277129626777,-0.156605713070495,0.0242125555303798
3.36,1,18.3398058252427,14.0538461538462,26.2660550458716,18.63,1.00879158134793,1.19455830265391,4.42307692307692,5.66666666666667,0,0,0,0,0,0,0,-0.332434851916151,-0.225886263113014,-0.258075601519481,-0.0268702404851653
1.88235294117647,1,23.9459459459459,15.528,22.875,19.0096153846154,1.14070900269939,1.19770087734621,5.7,7.95454545454545,0,0,0,1,0,0,0,-0.297851850343637,-0.0414273118989313,0.06466324540563,-0.0254426696316051
0.531645569620253,0,33.8235294117647,19.8415841584158,19.4181818181818,19.6037735849057,1.94603826025231,1.23782819311233,7.76829268292683,6.19298245614035,0,0,0,0,0,0,0,1.00813499825822,-0.178053119710296,0.418015226389832,0.0179303130074334
1.04545454545455,1,25.972972972973,23.2765957446809,25.1428571428571,21.6949152542373,1.24163207064277,1.22294875489296,6.45098039215686,5.74257425742574,0,0,0,0,0,0,0,-0.244114613275574,0.0394433934848192,0.0341383206964866,0.0212600635697107
0.551020408163265,0,27.2948717948718,23.3535353535354,31,24.9009900990099,1.0591226975449,1.22117284276372,4.375,5.64788732394366,0,0,0,0,0,0,0,-0.213073272515638,-0.220101385939632,-0.160097417165978,-0.0225408343500034
2.45238095238095,0,26.0919540229885,25.4519230769231,29.0240963855422,28.4814814814815,1.25959003528567,1.10158357469095,7.84375,3.57575757575758,0,0,0,0,0,0,0,-0.184250875418584,-0.198149915489118,0.215552082711964,0.0890052646768892
1.68571428571429,2,27.3469387755102,25.6363636363636,27.1551724137931,29.1346153846154,1.24559156112364,1.24352656543819,7.58536585365854,6.42857142857143,0,0,0,0,0,0,0,-0.0648874189452952,-0.19006273768532,0.0394400438514826,0.0252481611942939
2.40350877192982,1,27.46,27.3396226415094,28.3157894736842,32.5842696629214,1.28147857652131,1.1276268596432,7.58536585365854,5.65789473684211,0,0,0,0,0,0,0,-0.161505823734641,-0.220503788444643,0.176525032752681,0.022865877644694
1.78378378378378,0,26.8411214953271,29.9772727272727,28.5714285714286,39,1.2839876639953,1.16704073684071,7.58536585365854,7.25423728813559,0,0,0,0,0,0,0,-0.152116437436605,-0.236330392820705,0.132480073321784,0.0112458100679702
1,1,27.0188679245283,32.9166666666667,30.4380952380952,43.4545454545455,1.29460522082856,1.00502412112881,7.74137931034483,4.42424242424242,0,0,0,0,0,0,0,-0.143357022553111,-0.358675022487473,0.443694392425934,0.0739842494627129
5,3,28.7849462365591,29.9493670886076,33.8921568627451,38.1785714285714,1.10112735944223,1.29701800410913,6.01234567901235,9.23529411764706,0,0,0,0,0,0,0,-0.229641411933328,-0.166370787548114,-0.170328670057563,-0.0266866883457272
4,1,30.3728813559322,29.0561797752809,36.2268041237113,47.6060606060606,1.24298899465768,1.01320906475734,6.45794392523364,7.6551724137931,0,0,0,0,0,0,0,-0.165381214681966,-0.680999385118529,0.363524774672606,-0.002390716985884
0.619047619047619,0,34.5,34.6666666666667,37.1827956989247,40.5,1.17915532469337,1.31729472645262,5.46078431372549,8.18421052631579,0,0,0,0,0,0,0,-0.0708096694665375,-0.230533435968219,-0.0806711205065886,-0.0222227969353634
0.980769230769231,2,32.8,50.8333333333333,39.3478260869565,32.2906976744186,1.29843108561337,1.89338940904094,6.19230769230769,7.02777777777778,0,0,0,0,0,0,0,-0.11750206985285,0.73241082701511,-0.387738826656936,-0.00780753472576569
2.38666666666667,1,33.4047619047619,36.9,41.4411764705882,35.7674418604651,1.07936582268911,1.33821357788749,8.33333333333333,4.61290322580645,0,0,0,0,0,0,0,-0.283152426847502,-0.0836465808430954,-0.200887366402482,0.0449195788275925
1.04761904761905,1,37.2222222222222,33.9701492537313,40.59375,38.2857142857143,1.25497166540985,1.2034282429925,5.4,4.55813953488372,0,0,0,0,0,0,0,-0.0590218920853448,-0.242579257214709,0.0631837765346314,0.00616272882390682
1.6875,2,32.5,32.5074626865672,35.2291666666667,62.5,1.26623069403715,1.00162350773298,5.44,4.58333333333333,0,0,0,0,0,0,0,-0.181001179226986,-0.798547950703071,0.253876629482202,0.0105169642662078
0.5,0,62,35.4736842105263,31.5625,44.6666666666667,2.17053815749468,1.19166633129135,7.96551724137931,5.2093023255814,0,0,0,0,0,0,0,1.177281402705,-0.269636985617042,0.655599348908172,0.0245370416204188
0.608695652173913,3,34,40.09375,38.0952380952381,37.9375,1.19024537790522,1.30116361718003,3.94117647058824,6.34246575342466,0,0,0,0,0,0,0,-0.202864594953644,0.163920611223805,-0.100669586507422,-0.0190438595942461
1.02020202020202,1,42,38.5,58,42.75,1.19298245614035,0.986842105263158,11.25,3.25,1,0,0,0,0,0,0,-0.22605936296045,-0.168291833649842,-0.0887016167765372,0.0718076735785079
0.97979797979798,1,0,0,0,0,0.126923076923077,0,1.33333333333333,1.57142857142857,0,0,0,0,0,0,0,-0.134415733586322,-0.139083152497613,-0.00145877055612353,0.0625
0.55,1,6.36111111111111,6.02631578947368,7.35526315789474,6.88,0.475,1.5,1.57894736842105,2.8695652173913,0,0,0,0,0,0,0,-0.116810331250635,0.302663261728498,-0.745521449105833,-0.888888888888889
1.02020202020202,0,6.71428571428571,6.21794871794872,8.10975609756098,7.75609756097561,0.635151940970906,0.728519829316793,2.1,2.54,0,0,0,0,0,0,0,-0.293791789311956,-0.248002239623357,0.0258033963556202,0.111111111111111
1,0,7.23529411764706,6.21794871794872,8.56179775280899,8.26966292134832,1.10585955590654,0.918403546936156,4.97142857142857,4.48214285714286,0,0,0,0,0,0,0,0.0518214640810905,-0.12132610758983,0.166507447271539,0.0761328062208144
1.72,1,7.47619047619048,6.96551724137931,9.16666666666667,8.72916666666667,1.27146321022932,0.967780826823216,6.41052631578947,4.52808988764045,0,0,0,0,0,0,0,-0.0379694010260981,-0.216966456975305,0.395348261006111,0.335777819176783
1.064,1,7.89795918367347,7.59782608695652,9.27835051546392,9.54455445544554,0.92358692855638,1.08314058377608,4.97402597402597,6.36263736263736,0,0,0,0,0,0,0,-0.261986199396565,-0.381041030818193,-0.346557900486642,-0.394444444444444
1,1,8.57446808510638,8.67592592592593,9.63917525773196,10.4913793103448,1.41023480256713,0.953711876334612,6.97701149425287,4.72549019607843,0,0,0,0,0,0,0,0.185853118661295,-0.244287301348094,0.584030150534567,0.354094109733207
1.6875,2,8.47058823529412,9.80869565217391,10.1792452830189,10.4,0.916592200957956,1.21779784173739,5.25373134328358,9.09677419354839,0,0,0,0,0,0,0,-0.260346313390917,0.134562191176969,-0.538982374398833,-0.625
0.5,0,8.11578947368421,9.54700854700855,10.5272727272727,10.6465517241379,0.91562419882981,1.26302431782609,3.85416666666667,7.62962962962963,0,0,0,0,0,0,0,-0.234496519519932,-0.0222301645705825,-0.440139231861119,-0.469093406593407
0.622222222222222,0,8.3265306122449,9.23478260869565,10.8018018018018,11.2231404958678,0.761766610007501,0.974331422852066,3.34042553191489,4.59615384615385,0,0,0,0,0,0,0,-0.432397697016955,-0.217166332062839,-0.215418893377775,-0.0485491799069385
0.622222222222222,1,9.93258426966292,9.68141592920354,10.904347826087,11.6507936507937,0.966128905855495,0.894348326569452,5.18867924528302,6.36263736263736,0,0,0,0,0,0,0,-0.248848731700603,-0.271299119889089,0.106283626417355,-0.0305267619430247
0.622222222222222,1,12.2,9.42016806722689,10.8141592920354,11.464,1.31876965350382,0.885016958937862,6.41052631578947,4.72549019607843,0,0,0,0,0,0,0,0.411032693481088,-0.22085258106065,0.665176572808104,0.167330591891844
0.555555555555556,1,11.1481481481481,10.2033898305085,15.4810126582278,11.5396825396825,0.901421383839407,1.75253618066388,4.80281690140845,8.73469387755102,0,0,0,0,0,0,0,-0.264469580598613,0.0923310391611382,-0.901662042508724,-0.259319008409632
2.43478260869565,3,9.50467289719626,9.70731707317073,17.9275362318841,14.7714285714286,0.856838252078315,0.878584873568151,4.21621621621622,5.325,0,0,0,0,0,0,0,-0.719735739431645,-0.26962830325017,-0.200514378002197,-0.0209026987998449
1.2972972972973,1,15,10.0983606557377,17.1794871794872,16.4257425742574,0.976555643488588,0.785711137649316,5.325,3.71428571428571,0,0,0,0,0,0,0,-0.551724137931034,-0.609084107823917,0.23274854501843,0.032116538628103
2.38666666666667,0,32.8235294117647,10.5968992248062,13.6842105263158,17.0192307692308,1.91192514657988,0.898378996428333,5.80701754385965,5.09090909090909,0,0,0,0,0,0,0,1.24376535773595,-0.231719042274836,1.03598484848485,0.0183098707290173
1.07692307692308,2,24.6923076923077,10.984962406015,15.6142857142857,21.4722222222222,1.32022086153102,0.875392680077301,8.35593220338983,5.39130434782609,1,0,0,0,0,0,0,-0.0731711473932275,-0.333537533873943,0.491098699095023,0.0930060780030653
3.36,0,15.8,19.5423728813559,16.3115942028986,24.6625,1.04181631391965,0.81195276658591,5.52,3.36363636363636,0,0,0,0,0,0,0,-0.282786331237735,-0.569129923285223,0.248862666910653,0.0690708397378911
1.57894736842105,0,15.6528925619835,26.7049180327869,21.695652173913,23.7323943661972,1.08811092562588,1.59186951818747,7.01176470588235,8.64285714285714,0,0,0,0,0,0,0,-0.150411385962402,0.31722393103972,-0.469796483540888,-0.00367384888327096
1.81176470588235,3,22.1234567901235,23.84,29.1764705882353,19.1101694915254,1.00566143088358,1.11573435473615,4.90697674418605,9.16666666666667,0,0,0,0,0,0,0,-0.411738907920549,-0.0731147376332921,-0.202403314286115,-0.129752085866623
1.75961538461538,1,26.8915662650602,22.5092592592593,32.3181818181818,22.1456310679612,1.06847898586063,1.16066567792997,3.875,10.6666666666667,0,0,0,0,0,0,0,-0.295796619310948,-0.0608251534839192,-0.0895055370770572,-0.212338202826887
1.13432835820896,2,25.5,25.3,28.2857142857143,24.6415094339623,1.11763951223868,1.10307037478778,10.6875,3.25,1,0,0,0,0,1,0,-0.0944617399994076,-0.169781783194534,0.0946472217860678,0.270521667806643
2.38666666666667,1,23.6893203883495,25.4424778761062,27.6952380952381,29.7349397590361,1.21373986001136,1.10733683760465,6.86666666666667,7.66666666666667,0,0,0,1,0,0,0,-0.284902799036457,-0.137682904188018,0.12658361404175,-0.055224840230808
1.04761904761905,2,25.2403846153846,26.7909090909091,29.2589285714286,35.0135135135135,1.0940088219971,1.02256753292271,5.85,6.07547169811321,0,0,0,0,0,0,0,-0.197537307936488,-0.295942187097165,0.0526191374493036,-0.0047412301609884
1.75700934579439,1,28.8,25.9090909090909,24.6027397260274,36.6216216216216,1.05169001329396,0.910531214780744,4.26666666666667,4.64285714285714,0,0,0,0,0,0,0,-0.243668379284105,-0.417279126802961,0.191358099515453,0.0043883938060987
1.81176470588235,0,34.3898305084746,30,22.5,31.8571428571429,1.87432763972832,1.08589516459434,11.7333333333333,3.73333333333333,0,0,0,0,0,1,0,0.908904911673866,-0.182741134220503,0.656858712186664,0.156060486016158
1.81176470588235,0,30.4509803921569,34.9852941176471,29.48,28.0961538461538,1.03375373338213,1.45187510404423,4.46153846153846,7.90476190476191,0,0,1,0,0,0,0,-0.275468080682909,0.288755485528719,-0.44348024204655,-0.0899968601840973
1.81176470588235,0,27.4105263157895,31.0806451612903,38.7352941176471,30.5,0.952485117052257,1.08358370226493,6.25,3.8,0,0,0,0,0,1,0,-0.320512159275067,-0.21804194383291,-0.171833091904661,0.0367325976749219
1.81176470588235,0,26.265306122449,29.8598130841122,41.3692307692308,32.8556701030928,0.894663247475775,1.10950554055752,7.09183673469388,5.65476190476191,0,0,0,0,0,0,0,-0.560889915450001,-0.188296357144169,-0.247182878454513,0.024371423796714
1.75961538461538,0,29.1046511627907,30.8333333333333,39.2459016393443,34.6703296703297,1.08744342680498,1.16243945353246,5.97029702970297,6.171875,0,0,0,0,0,0,0,-0.240905405494686,-0.16498907762606,-0.0945356297366782,0.00117434833706288
1.064,1,30.875,33.2117647058824,30.3333333333333,33.5172413793103,1.0815643045702,1.24145621159498,4.28571428571429,8.06451612903226,0,0,0,0,0,0,0,-0.30846483371438,-0.0618076954079327,-0.0433367509683299,-0.0185072503330625
0.97979797979798,1,57.8,31.4375,21.9565217391304,37.5084745762712,2.18377427793535,1.09493311376537,13.1666666666667,6.03333333333333,1,1,0,0,0,0,0,1.35297518216773,-0.200757393478817,1.0375,0.0645011593735466
0.551020408163265,0,36.5714285714286,30.8387096774194,29.2903225806452,42.0535714285714,1.10713828078411,1.04262647037233,6.5,3.11764705882353,0,0,0,0,0,1,0,-0.0543592272218505,-0.364638499572201,0.0683006535947713,0.0623239904774695
2.43478260869565,0,33.3269230769231,31.6413043478261,36.1123595505618,39.4705882352941,1.11836547682286,1.09548175507628,5.44545454545455,5.57142857142857,0,0,0,0,0,0,0,-0.0730051056878425,-0.176766464665041,0.104106742574205,-0.00824843990484749
1.04761904761905,1,34.1914893617021,31.5882352941176,36.4022988505747,36.8311688311688,1.49592236413947,1.09884452980523,5.86363636363636,5.5609756097561,0,0,1,0,0,0,0,0.0161992821705017,-0.19262837995325,0.33809269636409,0.00867922451873867
1.72,1,32.695652173913,30.675,47.25,37.1643835616438,1.06047448492956,1.106577299795,5.95081967213115,7.46052631578947,0,0,0,0,0,0,0,-0.222516873066692,-0.220255963457951,0.0128907548443073,-0.00395320596589224
1.02884615384615,0,33.88,31,58,39.2571428571429,0.965829269649771,1.119168605939,8.35593220338983,5.9,0,0,0,0,0,0,0,-0.560988118325368,-0.130337457187552,-0.192667336856766,0.0321916115614868
1.6875,1,45,86,61,42.75,1.16228070175439,2.18421052631579,4.22222222222222,13,0,0,0,0,0,0,0,-0.217851102049099,1.17595667636867,-0.78501038791419,-0.0576707099352375
0.531645569620253,0,1.85714285714286,0,4.16666666666667,0,0.126923076923077,0,1.63636363636364,0,0,0,0,0,0,0,0,-0.134415733586322,-0.190725508116812,0.0259955898869464,0.00957239838404677
1.04545454545455,2,6,5.95945945945946,7.24,6.88,0.475,0.5125,1.57894736842105,2.05882352941176,0,0,0,0,0,0,0,-0.116810331250635,-0.123146833042816,0.064233846760032,0.00813346193489256
0.511363636363636,3,6.47297297297297,5.93333333333333,8,7.87951807228916,0.629069659472984,0.605555555555556,1.88888888888889,2.34782608695652,0,0,0,0,0,0,0,-0.26843723434989,-0.473208087376082,0.0760253374227881,-0.0341440126497598
1.68965517241379,3,6.72368421052632,6.48780487804878,8.4,7.54320987654321,0.975,0.333333333333333,3.66666666666667,2.83333333333333,0,0,0,0,0,0,0,-0.526887921972345,-0.777777777777778,0.974358974358974,0.75
0.531645569620253,1,6.73076923076923,7.4,8.95652173913044,7.96590909090909,0.131410256410256,2.02777777777778,2.45454545454545,7.48484848484848,0,0,0,0,0,0,0,-0.643639994209254,1.30555555555556,-1.57258064516129,-2
0.977011494252874,1,7.07317073170732,7.74468085106383,9.63265306122449,8.08139534883721,0.383333333333333,1.01175341610124,1.88888888888889,4.59615384615385,0,0,0,0,0,0,0,-0.591578927828928,-0.434815868500079,0,-0.6
1.72,2,8.04210526315789,7.82474226804124,9.29032258064516,8.8265306122449,0.575046382189239,1.08299098296062,4.36842105263158,6.37634408602151,0,0,0,0,0,0,0,-0.432443433427061,-0.0155317418562336,-0.228075601169555,-0.238349885408709
0.987654320987654,0,8.97029702970297,8.28712871287129,9.40594059405941,10.1481481481481,1.47503734699201,0.911139221290621,8.38181818181818,5.25842696629214,0,0,0,0,0,0,0,0.624417209032663,-0.333576255946901,0.516087230721098,0.382932741308353
0.511363636363636,1,8.68932038834951,9.3,10.2135922330097,12.0076923076923,0.917897896422926,0.823727012527439,5.43636363636364,4.55421686746988,0,0,0,0,0,0,0,-0.324879472652236,-0.473841711500378,0.0230677598694979,0.0162280396323733
1.68965517241379,0,8.31632653061224,7.42222222222222,11.008547008547,11.9230769230769,1.17866036648153,0.76103691569868,6.5,5.28888888888889,0,0,0,0,0,0,0,-0.25501700401961,-0.503305763998166,0.292929360926619,0.0595044525911919
0.531645569620253,1,8.61904761904762,7.28260869565217,10.9561403508772,12.4191176470588,0.882520439154224,0.659900185077098,3.83870967741935,2.51851851851852,0,0,0,0,0,1,0,-0.425307015645274,-0.721134220474405,0.143038075152524,0.0964709658157934
1.04545454545455,0,9.63716814159292,8.01041666666667,14.6914893617021,13.4326241134752,1.13510871957986,0.63312635077341,9.21052631578947,1.83333333333333,0,0,0,0,0,0,0,-0.0143429264620205,-0.554324431662666,0.459609322200756,0.471730918850735
0.55,1,10.1848739495798,10.5714285714286,17.6666666666667,14.0149253731343,0.615728797820688,0.72030349692826,2.88888888888889,2.05882352941176,0,0,0,0,0,1,1,-0.700065957445772,-0.52901728231404,-0.131330798851584,-0.00564957803428226
1.02020202020202,2,9.70434782608696,13.5428571428571,18.9545454545455,15.296,0.684929156344764,1.38208480397815,2.9047619047619,6.92857142857143,0,0,1,0,0,0,0,-0.444713853348722,0.120912972896717,-0.560946150295959,-0.10177072764599
1,0,11.7604166666667,14.1401869158879,16.4126984126984,17.3652173913043,0.831983850620852,1.03753187006924,3.63768115942029,8.01639344262295,0,0,1,0,0,0,0,-0.472315616383368,-0.2427820325084,-0.179290536804427,-0.173511991332944
3.36,1,17.3066666666667,11.4188034188034,15.8188976377953,20.672131147541,1.29573706554456,0.882832732811902,4.91304347826087,5.96491228070175,0,0,0,0,0,0,0,0.0307509359405644,-0.501413495898574,0.394635096462828,-0.0155851599889809
1.57894736842105,0,19.8285714285714,17.6964285714286,17.8672566371681,19.1648351648352,1.50096975811104,0.860570378070378,9.5,5.63157894736842,0,0,0,0,0,0,0,0.251774198024198,-0.535672987774437,0.925585284280936,0.116413403714445
1.81176470588235,2,20.5454545454545,24.5087719298246,17.5921052631579,19.1318681318681,0.666666666666667,1.86073057746219,3.5,10.6,0,0,0,0,0,0,0,-0.777777777777778,0.846740191067568,-1.38888888888889,-0.144354285934199
1.81176470588235,0,34,20.3064516129032,17.5873015873016,20.2127659574468,2.31451612903226,0.970830940830941,13.4285714285714,4.5,1,1,0,0,0,0,0,1.75,-0.461449526449526,1.35483870967742,0.328007932574924
1.81176470588235,0,22.4736842105263,19.3614457831325,23.2333333333333,22.981308411215,1.125,1.58979152341408,5.25,7.82142857142857,0,0,0,0,0,0,0,-0.345238095238095,0.0166152091284871,-1.13636363636364,-0.163846601097192
1.44444444444444,0,21.6911764705882,17.797619047619,29.2564102564103,25.84375,1.23803211731777,0.956172789578073,5.80412371134021,4.59615384615385,0,0,0,0,0,0,0,-0.235750147757858,-0.403150708368334,0.316573507020897,0.0310443473744322
4.44444444444444,0,21.7605633802817,14.432,25.7619047619048,30.1388888888889,0.965010501980345,0.908210675606643,5.20408163265306,6.31632653061224,0,0,0,0,0,0,0,-0.510158072749692,-0.571920286267707,0.0109938629767583,-0.0186678059403444
0.833333333333333,1,26.1142857142857,23,21.7101449275362,26.6716417910448,1.62654773553892,0.978347323309587,5.36363636363636,6.3265306122449,0,0,0,0,0,0,0,0.451001146635477,-0.367318193046629,0.735736391002092,-0.0114793042615458
0.551020408163265,2,25.7123287671233,30.6949152542373,25.6212121212121,26.078125,0.958794175301745,1.3836489372287,5.91666666666667,5.25842696629214,0,0,0,0,0,0,0,-0.328994734667654,0.52530456556269,-0.424057465314962,0.0152658771211415
2.43478260869565,0,29.968253968254,23.9545454545455,33.8666666666667,33.027027027027,1.32673209285009,0.854380775170249,10.6521739130435,4.58823529411765,0,0,0,0,0,0,0,-0.0565070556805066,-0.37917587445985,0.418506636803003,0.0988445020691897
1.05063291139241,0,26.4615384615385,17.7627118644068,37.4470588235294,40.6153846153846,0.95992120167365,0.666760223654095,3.77777777777778,4.55813953488372,0,0,0,0,0,0,0,-0.423699092952128,-0.826930126847235,0.219347868652958,-0.00886325199411434
1.03311258278146,0,30.265625,19.5585585585586,39.3950617283951,38.344262295082,1.16847170475169,0.822580407670277,11.125,4.55813953488372,0,0,0,0,0,0,0,-0.311880286538139,-0.479903033168686,0.232886955435693,0.0918566059344293
0.97979797979798,1,24.9824561403509,27.3709677419355,38.9350649350649,35.8142857142857,0.93896087482783,0.995116938868606,4.75,4.47826086956522,0,0,0,0,0,0,0,-0.39965835046955,-0.41437541217222,-0.0893194681292692,0.00745712485250958
0.551020408163265,2,27.8333333333333,33.2241379310345,35.7560975609756,33.2222222222222,1.08026821139013,1.54918204675896,4.57142857142857,7.20289855072464,0,0,0,0,0,0,0,-0.31905264014942,0.297678060940268,-0.541666666666667,-0.028132001701965
2.35483870967742,0,54.8333333333333,32.1666666666667,35.4507042253521,35.5625,1.96498777280786,1.05882352941176,13.25,4.53846153846154,1,1,0,0,0,0,0,0.906220479631851,-0.623809523809524,1.6140350877193,0.144307345929545
0.489795918367347,0,22,51.7142857142857,38.7746478873239,28.3448275862069,0.994184403559404,2.07692307692308,5.5,7.94915254237288,0,0,0,0,0,0,0,-0.348487034850671,1.27617119722383,-2,-0.0564871547516022
1.02020202020202,0,26.0441176470588,38.8571428571429,40.0958904109589,31.75,0.957072990043208,1.37517828387394,3.53703703703704,6.01785714285714,0,0,0,0,0,0,0,-0.465718550268239,0.181016514349848,-0.292328042328042,-0.0131942688233159
1.08860759493671,1,31.5285714285714,29.9591836734694,39.6323529411765,39.6307692307692,1.31080119157421,1.00753419714068,6.51219512195122,5.15625,0,0,0,0,0,0,0,-0.152810330573087,-0.402982233409618,0.283959600336834,0.0149005422158362
2.39393939393939,1,30.1846153846154,30.0416666666667,42.1774193548387,40.7377049180328,1.06965260724712,0.986393044278891,3.86538461538462,4.92424242424242,0,0,0,0,0,0,0,-0.293431974100754,-0.398826973640959,0.108548287078927,-0.00257341145500492
1.78378378378378,1,27.825,37.1304347826087,42.280701754386,39.2586206896552,0.973567421194593,1.37167462994395,5.35,7.41791044776119,0,0,0,0,0,0,0,-0.447952137433513,-0.0605897002177261,-0.483340508451254,-0.0115449789455966
0.5,0,27.8415841584158,32.9230769230769,42.1379310344828,41.59375,1.20157538794449,1.04384926714764,5.33707865168539,5.61538461538461,0,0,0,0,0,0,0,-0.317461732971983,-0.411145865165969,0.317993218315802,0.00645660754823277
0.608695652173913,0,30.5454545454545,36.2881355932203,42.2459016393443,39.7843137254902,1.03212490572138,1.25970975926373,6.92391304347826,10.5161290322581,0,0,0,0,0,0,0,-0.410127613452738,-0.141392776223789,-0.337696512357657,-0.0124060474815372
0.980769230769231,0,42.5,35.5,42,46,1.10855263157895,0.951079622132254,4.89473684210526,5.75,0,0,0,0,0,0,0,0.0254593292359245,-0.368516386866865,0.259500452370677,-0.00983541894164388
2.39393939393939,2,0,7.75,7.2,0,0.25,0.115384615384615,1.5,1.72,0,0,0,0,0,0,0,-0.127689966958929,-0.116071202705849,0.0303282303282303,0
1.78378378378378,2,6.58666666666667,5.94594594594595,7.98765432098765,6.88,0,1.5,0.888888888888889,1.83333333333333,0,0,0,0,0,0,0,-0.341064636096794,0.379034632204922,-1.08199847444699,-1.5
0.531645569620253,1,6.83544303797468,6.2,8.84615384615385,7.94047619047619,0.0666666666666667,0,1,1.5,0,0,0,0,0,0,0,-0.475777116402116,-0.653890661392724,-0.00907330726171305,0
0.977011494252874,2,7.09638554216868,7.13793103448276,9.37634408602151,9.06122448979592,0.45,0.5,1.8,2,0,0,0,0,0,0,0,-0.877173577683949,-0.447937262649069,0.0642338467600321,0.00813346193489256
1.72,0,7.72222222222222,8.13,9.42268041237113,10.1818181818182,0.803535353535354,0.713621794871795,3.8936170212766,4.21276595744681,0,0,0,0,0,0,0,-0.230365767075807,-0.211722055972337,0.0527008182839479,-0.00707002435956644
0.987654320987654,0,8.45098039215686,8.13,8.95505617977528,10.7672413793103,0.97992862271156,0.789817598863448,4.83333333333333,3.56,0,0,0,0,0,0,0,-0.327821512915025,-0.286957714319763,0.220809371544432,0.2
0.550724637681159,0,9.31730769230769,7.96938775510204,9.01052631578947,8.93617021276596,1.60078912955706,0.901703474977479,9.61290322580645,4.51282051282051,0,0,0,0,0,0,0,1.29516543372051,-0.334821269777522,0.771403393453605,1.16666666666667
0.557377049180328,1,8.90740740740741,8.35294117647059,9.50537634408602,8.98,1.04491335109909,1.43427440354662,6.56,9,0,0,0,0,0,0,0,-0.310301383399209,0.0777760771702412,-0.318380156512653,-0.428571428571428
1.6547619047619,1,9.11009174311927,8.6,9.52040816326531,10,1.50159687576951,1.04531102524326,8.44827586206897,6.22727272727273,0,0,0,0,0,0,0,0.0553987776928953,-0.25374324406756,0.376988795518207,0.160142726947238
1.13432835820896,0,9.89285714285714,9.40178571428571,10.0952380952381,11.8837209302326,1.64716641201935,0.949396379863315,8.52,4.84090909090909,0,0,0,0,0,0,0,0.546704912734325,-0.280747400296956,0.698924015345584,0.349908902058223
2.40909090909091,2,9.82905982905983,9.63559322033898,10.9115044247788,12.1804511278195,0.940941512107574,0.947505489079151,4.96153846153846,2.66,0,0,0,0,0,0,0,-0.304555673944219,-0.283830587283295,-0.0717881118428281,0.157100675193306
2.33333333333333,1,10.8608695652174,11.4385964912281,12.7328244274809,12.2910447761194,1.24309663569758,1.01033353292678,5.78205128205128,4.44,0,0,0,0,0,0,0,-0.0286019972279311,-0.231403953942938,0.28479250642908,0.113367068026333
0.884615384615385,2,11.6551724137931,16.03,14.4347826086957,12.2330827067669,0.958654167085444,1.42601213813226,4.06349206349206,8.83333333333333,0,0,1,0,0,0,0,-0.293529047361513,0.181484361257387,-0.526666365180399,-0.283333333333333
0.511363636363636,2,15.493670886076,17.34375,18.3559322033898,15.0526315789474,0.950228885242317,1.43615184583137,4,10.5,0,0,1,1,0,0,0,-0.314910397611424,0.488272894577242,-0.524128468659106,-0.514285714285714
1.72602739726027,3,20.4166666666667,16.5531914893617,21.2543859649123,18.3333333333333,0.933768838924239,0.956807819609981,5.48076923076923,3.875,0,0,0,0,0,0,0,-0.17425258073623,-0.378902154041383,0.0328076072594515,0.0703941120607787
1.75961538461538,1,20.2619047619048,13.4166666666667,23.3196721311475,24.06,1.14284538049051,0.955068205869722,3.82692307692308,5.66279069767442,0,0,0,0,0,0,0,-0.237707779154922,-0.467865105451832,0.197795361576734,-0.063349330636717
1.13432835820896,1,16.6428571428571,14.9206349206349,23.7272727272727,27.2156862745098,0.971343758761762,0.969956250172762,5.81818181818182,4.63829787234043,0,0,0,0,0,0,0,-0.340336106014467,-0.639766930013028,0.0552584963764133,0.0341603419902763
2.40909090909091,0,15.9370078740157,15.0672268907563,24.7068965517241,27.05,0.920136139341053,0.966068032117924,6.48979591836735,4.47826086956522,0,0,0,0,0,0,0,-0.344292297743025,-0.434446678546439,0.00412127838675979,0.0507553323676982
2.33333333333333,0,16.744,15.0406504065041,26.0973451327434,25.6803278688525,0.939955694252165,0.973305049851611,5.02222222222222,7.0625,0,0,0,0,0,0,0,-0.356066855541155,-0.473841711500378,-0.04192066171113,-0.0598350441055421
1.05063291139241,1,23.9090909090909,16.7868852459016,22.8867924528302,27.6695652173913,1.03726095136257,0.92142195441889,4.66666666666667,3.44186046511628,0,0,0,0,0,0,0,-0.343206702455868,-0.41563372056415,-0.00218337731190554,0.0254658063250045
1.03311258278146,0,30.1621621621622,19.1338582677165,18.1509433962264,28.9816513761468,1.75,0.978763647488016,10.8333333333333,5.0625,1,0,0,0,0,0,0,1.23809523809524,-0.344652521151853,0.705882352941177,0.108007566896328
0.97979797979798,1,33.7837837837838,24.0752688172043,19.8507462686567,26.0645161290323,1.9,0.915905465035221,8.92857142857143,5.02127659574468,0,0,0,0,0,0,0,1.14285714285714,-0.331933860726096,1.05555555555556,0.0897611127911881
0.511363636363636,1,26.0285714285714,28.5113636363636,30.6521739130435,23.3384615384615,0.983482676224612,1.77561359355392,5.45614035087719,8.78,0,0,0,0,0,0,0,-0.35796089044937,0.620799840666676,-0.848703703703704,-0.0732534089135266
1.6547619047619,0,21.0196078431373,21.5581395348837,37.4047619047619,32.2,0.946182413343653,0.764346764346764,5.87962962962963,4.92307692307692,0,0,0,0,0,0,0,-0.576220174509039,-0.366515837104072,-0.0286919425634159,0.0143787741499483
1.064,1,23.9230769230769,16.8888888888889,33.8775510204082,42.4905660377358,0.987904509792521,0.62222280836777,5.35227272727273,1.6,0,0,0,0,0,1,1,-0.320294533780134,-1.09342814048696,0.263910033800696,0.0492168755745095
1,1,26.9569892473118,25,28.6538461538462,38,1.32556376844101,0.708333333333333,7.16,4,0,0,0,0,0,0,0,0.0524454693643243,-0.5,0.366161616161616,0.1062823351741
1.7037037037037,2,25.406976744186,43.625,33.4931506849315,27.0652173913043,0.937694403727887,2.01824116743472,3.65,11.3076923076923,0,0,0,0,0,0,0,-0.317709319614439,1.22252112556256,-1.2562358276644,-0.195965659104104
3,1,27.3636363636364,41.8235294117647,35.5238095238095,34.5454545454545,0.99771829226102,1.18409111017807,3.76,7.33333333333333,0,0,0,0,0,0,0,-0.348481955115881,0.0735621521335807,-0.198115079365079,-0.0187181973945241
3.5,2,32.6142857142857,32.05,35.5147058823529,38.8974358974359,1.36080015795085,1.02979025847755,6.38461538461539,5.75675675675676,0,0,0,0,0,0,0,0.0731950226535085,-0.309222553474639,0.350062031741662,0.0175591624996833
1.04761904761905,1,30.1617647058824,29.7037037037037,41.5142857142857,47.0882352941176,0.980253435919218,1.00166749603692,5.95652173913043,3.10344827586207,0,0,0,0,0,0,0,-0.302032410696191,-0.618157398649951,0.00421739665696457,0.0340072703078199
1.76119402985075,1,30.6463414634146,30.8617021276596,47.3513513513514,42.16,1.02306627596968,1.00767797695663,5.96396396396396,5.63333333333333,0,0,0,0,0,0,0,-0.493097109331356,-0.292922019594571,0.0392720434537556,0.00865273727242323
2.40350877192982,1,30.3589743589744,32.6842105263158,45.4137931034483,36.8,0.96732648269753,1.35871804080229,5.5,5.14285714285714,0,0,0,0,0,0,0,-0.322755031783039,-0.0769140178907145,-0.417302452833964,0.0115236703185313
1.796875,0,29.695652173913,34.9487179487179,42.7884615384615,41.1707317073171,1.03552321169412,1.05556157724476,5.38613861386139,6.27368421052632,0,0,0,0,0,0,0,-0.383222451695662,-0.207847720906544,0.0509848965627995,-0.00298178590285749
1.22222222222222,1,31.6,41,43.0961538461538,36.3125,1.00828625758061,1.58174952847192,5.12244897959184,6.3265306122449,0,0,0,0,0,0,0,-0.29647323830435,0.451853675886716,-0.638427613082109,-0.0117772385160914
4.33333333333333,1,59.4285714285714,40,44.1428571428571,44,1.40453695567163,0.916712832811904,5.80412371134021,5.17307692307692,0,0,1,0,0,0,0,0.28434676289678,-0.176039330688287,0.650949975949976,0.0176909525979547
1.4,2,38.3333333333333,54.5,47.7692307692308,37.1333333333333,0.979047570111075,1.73668892553708,5.10869565217391,8.78,0,0,0,0,0,0,0,-0.332098813232734,0.856432845773013,-0.839553311620436,-0.0358330712233785
1.63636363636364,0,32.6744186046512,43.3333333333333,50.5833333333333,51.5294117647059,0.950433799638713,0.957668391356244,6.48333333333333,5.30769230769231,0,0,0,0,0,0,0,-0.485955351200875,-0.280030689258759,-0.0643842403630823,0.0291027226021923
3.53846153846154,1,44,39.6666666666667,50,45.3333333333333,1.17763157894737,1.19736842105263,2.88235294117647,6.57142857142857,0,0,0,0,0,0,0,-0.352313586571999,-0.0464038053257136,-0.425302893814544,-0.0330555405235496
1.0625,0,0,0,0,0,0.25,0,0.857142857142857,1.11111111111111,0,0,0,0,0,0,0,-0.127677990976253,-0.140055188409875,0.0304493814584618,0.00434606857069735
0.97979797979798,0,5.78461538461538,6.03947368421053,7.24657534246575,6.91891891891892,0,0,0.888888888888889,1.72222222222222,0,0,0,0,0,0,0,-0.341064636096794,-0.267417748515607,-0.0189968660556896,0
0.511363636363636,0,6.30666666666667,6.05263157894737,7.48051948051948,6.85333333333333,0,1.48333333333333,1.66666666666667,3.1875,0,0,0,0,0,0,0,-0.366543753880268,0.893873263504981,-0.882352941176471,-1.5
1.68965517241379,1,7.16455696202532,6.74117647058824,8.2289156626506,7.25641025641026,2.25,1.09375424633831,7.84615384615385,4.43181818181818,0,0,0,0,0,0,0,1.27013652254711,-0.0350139043121499,0.685714285714286,1.25
0.5,1,7.44318181818182,6.91566265060241,9.07291666666667,8.1264367816092,0.897936352775062,1.63195923086827,5.14285714285714,7.82142857142857,0,0,0,0,0,0,0,-0.516210492016944,0.414055155516716,-0.890441618566619,-1
0.608695652173913,1,7.07407407407407,7.28260869565217,9.51612903225806,9.03030303030303,0.860841836769906,0.872456360567774,4.78723404255319,4.58,0,0,0,0,0,0,0,-0.835727402932702,-0.280698870142129,0.0284605036311719,0.0533333333333333
0.977011494252874,2,7.18823529411765,7.41573033707865,9.42156862745098,9.3265306122449,0.87328322348084,0.857368095459505,4.984375,4.52808988764045,0,0,0,0,0,1,0,-0.329893693242357,-0.256271845792267,0.0574933245562498,-0.00436569993318023
1.76119402985075,1,11.1025641025641,7.65263157894737,10.247619047619,9.22,1.07725764960463,0.997136460766676,7.77777777777778,6.36263736263736,0,0,0,0,0,0,0,-0.389712918660287,-0.186570732596571,0.202483838673928,0.119175828479567
2.40350877192982,1,15.4864864864865,8.67647058823529,10.4485981308411,9.74528301886792,1.63404435541474,1.01818085655476,8.09090909090909,4.61797752808989,0,0,0,0,0,0,0,1.47311212814645,-0.194599049636361,0.660734243609046,0.336452768246246
1.78378378378378,1,12.6944444444444,11.3714285714286,10.5357142857143,10.9830508474576,0.912152126518034,1.24976935836821,4.46296296296296,6.31632653061224,0,0,0,0,0,0,0,-0.288140096618357,0.163440106606197,-0.483802486264286,-0.317477938961098
0.484848484848485,0,12.9387755102041,13.0952380952381,11.495867768595,11.8062015503876,1.03897583314137,1.45197443629969,5.82142857142857,6.28421052631579,0,0,0,0,0,0,0,-0.35641016825349,0.467574991192735,-0.487693421129954,0.00121617760480457
1.6547619047619,2,18.1020408163265,12.2912621359223,12.4365079365079,12.1439393939394,1.33746398488876,1.07475160208336,5.92233009708738,4.51851851851852,0,0,0,0,0,1,0,0.649642486254772,-0.254833026424021,0.356154220303682,0.0674022548213153
0.987654320987654,0,14.2391304347826,10.7637795275591,16.3369565217391,12.2985074626866,1.02006456315767,1.17051728525629,4.8,8.06818181818182,0,0,1,0,0,0,0,-0.302731882764658,-0.12132610758983,-0.177978521437614,-0.174308646760745
0.511363636363636,1,10.3333333333333,10.5496183206107,22.4666666666667,12.2985074626866,0.902458174735313,1.10694532566434,4.16438356164384,7.14814814814815,0,0,0,0,0,0,0,-0.688724053724054,-0.200425532599486,-0.209325689770074,-0.135464459897697
1.6547619047619,3,11.3951612903226,15.5853658536585,24.75,17,1.11358194672908,1.12989940336877,5.91304347826087,10.1428571428571,0,0,0,0,0,0,0,-0.719932494307494,-0.185853240017878,-0.0486175117673425,-0.0675717217801974
1.02884615384615,0,11.9833333333333,18.5,19.6229508196721,21.6020408163265,1.13301007792162,1.03051800403488,9.61538461538461,7.68181818181818,0,0,0,0,0,0,0,-0.251310203124922,-0.225228967938589,0.148249285930981,0.0469506225266778
1.72,1,15.4827586206897,18.4252873563218,20.5569620253165,22.6770833333333,1.19742666703535,1.10586950999556,9.33333333333333,6.8,0,0,0,0,0,0,0,-0.16445852363891,-0.503327017156589,0.0851493033237266,0.178682207539473
0.987654320987654,1,19.6526315789474,23.8064516129032,23.013698630137,19.8684210526316,1.07658128948684,1.32182792202242,4.25,13.1428571428571,0,0,0,1,1,0,0,-0.294550639162518,-0.162162162162162,-0.322773065645589,-0.55651026604974
0.550724637681159,0,18.952380952381,34.7037037037037,21.8630136986301,14.9,1.33670272526835,1.98998541034831,13,10,1,1,0,0,0,0,0,-0.0839131032899157,1.21669136784268,-0.494015081917525,0.348705096073517
0.608695652173913,1,15.3471074380165,28.2058823529412,17.5983606557377,15.1203007518797,1.08889216830228,1.43179487179487,3.5,12.4285714285714,0,0,0,1,0,0,0,-0.287646657437176,0.0454545454545454,-0.293364336345429,-0.326052066690812
0.980769230769231,1,22.4,33.2439024390244,17.4608695652174,16.8823529411765,1.29744301519595,1.89562155189808,10.5,8.11111111111111,1,0,0,0,0,0,0,-0.19268956849602,1.03611476004944,-0.293437417586818,-0.00558104171260978
2.38666666666667,0,44.0833333333333,29.6428571428571,16.793893129771,18.8818897637795,2.0491667517243,1.35356978606345,9.26666666666667,7.87096774193548,0,0,0,0,0,0,0,1.33131195495326,-0.190810359231412,0.433126958417774,0.0240496376867777
1.04761904761905,1,24,34.6571428571429,19.7622950819672,29.1041666666667,1.33374183006536,1.39926882136238,6.03030303030303,6.75,0,0,0,0,0,0,0,-0.0660051899547698,0.67091733152533,-0.109470476101431,-0.0102605845423909
1.75700934579439,1,24.7294117647059,27.725,27.7297297297297,36.3103448275862,1.33544639395665,1.0155592025209,7.14141414141414,3.44186046511628,0,0,0,0,0,0,0,-0.114945693842924,-0.511270477417009,0.482766799925719,0.0703038839111027
1.81176470588235,0,28.5393258426966,22.5181818181818,33.1408450704225,31.6111111111111,1.0270639647529,1.25392542497861,6.02105263157895,5.15151515151515,0,0,0,0,0,0,0,-0.281317642010185,-0.183766496744612,-0.38988511291635,0.0202366203050081
1.75961538461538,1,28.1071428571429,24.2347826086957,32.3698630136986,35,1.14252880497799,1.2150101710972,6.48979591836735,4.51428571428571,0,0,0,0,0,0,0,-0.0794111642075806,-0.279596304849855,-0.0180589011465163,0.0189707240470482
1.064,0,25.5952380952381,24.5862068965517,33.0724637681159,44.28125,1.23324434218293,1.07172468517453,5.02222222222222,3.89333333333333,0,0,0,0,0,0,0,-0.193928105561025,-0.676039863080137,0.350461316817923,0.019398261843256
1,2,24.1717171717172,29.8181818181818,36.9836065573771,36.2285714285714,0.944585482885369,1.24499403565238,4.984375,6.55555555555556,0,0,0,0,0,0,0,-0.551967123538472,-0.169833692731805,-0.521627398218407,-0.0134812456924167
1.76119402985075,2,28.0958904109589,37.3703703703704,36.2678571428571,35.6941176470588,1.33576178587838,1.24499075185868,7.74324324324324,8.06451612903226,0,0,0,0,0,0,0,-0.15064654865333,-0.0493764455183933,0.0509848573305094,0.00518826065869476
2.40350877192982,1,31.8354430379747,32.2830188679245,39.9655172413793,33.3846153846154,1.06811274298941,1.26376003098804,6.01234567901235,6.23728813559322,0,0,0,0,0,0,0,-0.256011792950335,-0.134499378554943,-0.264087814850427,-0.00438471214479886
1.796875,1,30.3055555555556,32.6666666666667,41.5263157894737,31.1057692307692,1.09283330713412,1.30607395718006,6.58252427184466,7,0,0,0,0,0,0,0,-0.392185468789435,-0.181576093929035,-0.22160576355393,0.0130417670784312
1.064,1,29.5581395348837,59.3333333333333,38.6896551724138,31.2178217821782,1.25393943868956,1.9724205902934,6.41666666666667,13,0,0,0,1,1,0,0,-0.189763120845268,1.06447368421053,-0.449205285397044,-0.082850862216581
1.22222222222222,1,33,41,36.5,31.9148936170213,1.20006255174482,1.45898305398305,4.58333333333333,8.5,0,0,0,0,0,0,0,-0.274029295083448,0.503719983719984,-0.165434546818992,-0.0212575948147551
4.33333333333333,1,61.8333333333333,33.2,38.247191011236,43.5,1.58357831205307,1.21737923896954,11.0909090909091,3.76923076923077,0,0,0,0,0,0,0,0.691784439241068,-0.434480047411082,0.243151712797632,0.0857335912878878
0.666666666666667,0,38,30.7021276595745,37.5977011494253,62.6666666666667,1.31908276288227,0.991741090014012,4.26666666666667,3.36923076923077,0,0,0,0,0,0,0,-0.204750512645249,-0.84589774241285,0.296452724572546,-0.00618618051393259
0.977011494252874,0,43.9230769230769,31.6309523809524,37.6279069767442,43,1.47228609162517,1.18642332096102,8.78947368421053,3.36923076923077,0,0,0,0,0,0,0,0.162570051740442,-0.277718253968254,0.183552104410194,0.0522996976208
1.75700934579439,1,33.5714285714286,33.4054054054054,45.2727272727273,67,1.15169741728664,0.963097435869425,4.18421052631579,3.6,0,0,0,0,0,1,0,-0.223721960781876,-0.729718171374861,0.361641996285495,0.00565305278772025
1.81176470588235,1,44.5,36.4,58,44,1.25438596491228,1.52631578947368,4.08695652173913,5.2,0,0,0,0,0,0,0,-0.488289816982117,-0.240656810149389,-0.17347568379861,-0.00442829937374078
1.81176470588235,2,0,4.66666666666667,0,0,0.126923076923077,0,1.46153846153846,1.60869565217391,0,0,0,0,0,0,0,-0.122512152355408,-0.139270757625843,0.00998637489941898,0.0625
1.81176470588235,1,6.71052631578947,6.37037037037037,7.79220779220779,6.88,0.666666666666667,1.48888888888889,1.8,3.1875,0,0,0,0,0,0,0,-0.207150816091084,0.230442808814955,-0.745521449105833,-0.888888888888889
1.75,2,7.26744186046512,6.93975903614458,7.70886075949367,7.86746987951807,1.21133617192329,1.21478363987459,4.30952380952381,4.40506329113924,0,0,0,0,0,0,0,0.527750245581128,0.113624638567892,0.0258033963556202,0.111111111111111
0.575,0,7.21951219512195,7.28260869565217,8.29411764705882,8.63440860215054,1.12971065430069,1.07638890954348,5.38144329896907,4.53333333333333,0,0,0,0,0,0,0,0.0506613756613757,-0.324708554944524,0.125683952482865,0.115319902355711
2.35483870967742,1,7.32954545454545,6.91566265060241,9.76767676767677,9.39805825242718,0.958040425207452,1.10803281574312,5.12244897959184,5.81914893617021,0,0,0,0,0,0,0,-0.943957885753551,0.2,-0.228754262642665,-0.188407749158156
0.416666666666667,0,7.83516483516483,7.08888888888889,10.0291262135922,10.2037037037037,1.05873265161797,0.819195057485637,5.82242990654206,4.53947368421053,0,0,0,0,0,0,0,-0.284847575953236,-1.83333333333333,0.188407540728919,0.160721043376811
0.557377049180328,2,9.07920792079208,7.91578947368421,10.2990654205607,10.8235294117647,1.06155249680694,0.701859740564225,6.06542056074766,3.53030303030303,0,0,0,0,0,0,0,-0.23710826404477,-0.428571428571428,0.281896732896879,0.172090030139566
1.72602739726027,1,10.8217821782178,8.90909090909091,10.6607142857143,12.0166666666667,1.25462659518216,0.885100126709123,6.56666666666667,3.59459459459459,0,0,0,0,0,0,0,0.700357385875343,-0.2732013185176,0.32849536243688,0.277898711594364
1.75,0,10.659793814433,10.5772357723577,11.3781512605042,13.6363636363636,0.967818055297039,1.08738090729015,3.86538461538462,5.66279069767442,0,0,0,0,0,0,0,-0.309897837076671,-0.399843432084933,-0.185393158507785,-0.283449761967519
0.484848484848485,0,9.41441441441441,9.79831932773109,11.55,14.8064516129032,1.1127958570417,0.976076382039596,5.35,4.62365591397849,0,0,0,0,0,0,0,-0.301182639301622,-0.288181422625356,0.105765552567936,0.0291670856696444
1.69047619047619,2,9.77391304347826,9.38135593220339,12.1395348837209,14.0396825396825,1.04280351083065,0.811544691222274,5.27160493827161,5.18823529411765,0,0,0,0,0,0,0,-0.220173822381427,-0.709005626113518,0.278755824347108,0.0212161011123544
2.35897435897436,2,10.325,10.3577235772358,11.8677685950413,14.9444444444444,1.00057580313619,0.98154315561228,4.47826086956522,5.08333333333333,0,0,0,0,0,0,0,-0.35500374087939,-0.191455760572399,-0.032834096040606,-0.0407505503936481
0.489795918367347,0,11.4308943089431,18.1298701298701,11.8863636363636,12.2894736842105,1.4412046011454,0.914760776390533,6.38461538461539,5.02040816326531,0,0,0,0,0,0,0,0.174834897587237,-0.239584066434161,0.701047203199377,0.0455948330646467
1.02020202020202,0,12.1166666666667,22.7808219178082,12.9925373134328,13.0434782608696,1.02680453573413,1.79790538648734,5.91818181818182,8.06896551724138,0,0,0,0,0,0,0,-0.231675584566392,1.18406922934617,-0.836643258710383,-0.0604395203262527
1.03311258278146,1,11.8702290076336,20.4473684210526,14.9310344827586,14.3706896551724,1.03037196786983,1.09382437430115,5.44144144144144,6.02564102564103,0,0,0,0,0,0,0,-0.240231772752151,-0.205580580580581,-0.0901729287696655,0.00572568816103745
1.03311258278146,1,13.546875,17.42,20.967032967033,17.4341085271318,1.10017478185434,1.40299221524514,5.78481012658228,8.75,0,0,0,0,0,0,0,-0.215299811311983,-0.0144366835528641,-0.318864416740799,-0.0749334530559036
1.03311258278146,0,15.390625,23.4255319148936,24.0229885057471,17.975,0.92420073776922,1.18121187622037,4.45454545454545,5.875,0,0,1,0,0,0,0,-0.554941990512603,-0.096347426911943,-0.210757109010931,-0.0283899747775724
0.97979797979798,1,16.3412698412698,32.4324324324324,23.5604395604396,17.7769230769231,1.04915157136314,1.9459138061759,5.82089552238806,11.6666666666667,0,0,0,1,0,0,0,-0.224564495469191,0.861593603529088,-0.654318479459609,-0.115197834946196
0.55,3,21.0777777777778,33.0975609756098,24.8333333333333,19.8032786885246,1.04381681478058,1.50569108762386,4.4,9.1,0,0,0,0,0,0,0,-0.284097686435143,0.532467532467532,-0.491913784221476,-0.113204379857736
1.02020202020202,2,25.4186046511628,26.7916666666667,28.5670103092784,27.3947368421053,1.23141962306954,1.07060722983458,7.74576271186441,5.25581395348837,0,0,0,0,0,0,0,-0.234381526362614,-0.189502636926776,0.14623554778944,0.0556701424301325
1.22222222222222,1,26.8461538461538,19.5438596491228,25.6760563380282,33.4588235294118,1.10721802847547,1.04576028041368,5,4.55421686746988,0,0,0,0,0,0,0,-0.300462110178441,-0.484895187720373,0.0464135631784131,3.60885692287297e-05
4.33333333333333,0,42.1363636363636,24.7794117647059,23.0879120879121,28.5208333333333,1.90219279739441,1.04605723006952,9.5,5.21428571428571,0,0,0,0,0,0,0,1.18318840880328,-0.321168454305551,0.794482170251401,0.100671743259071
1.33333333333333,2,27.6818181818182,31.4264705882353,32.9574468085106,24.425,1.06482480190675,1.693897864228,5.36666666666667,11.7,0,0,0,1,0,0,0,-0.38864204113471,0.589668866897363,-0.736560564192143,-0.132568474114978
0.531645569620253,1,25.6372549019608,27.6794871794872,38.4605263157895,27.2317073170732,1.01193407285635,1.09183868144894,6.41176470588235,7.33333333333333,0,0,0,0,0,0,0,-0.453891233138467,-0.275092075569468,-0.226367871307028,-0.00225551944869612
1.04545454545455,0,24.7959183673469,30.7397260273973,37.2837837837838,31.9148936170213,1.11739779331014,1.17311286155542,7.19148936170213,5.78787878787879,0,0,0,0,0,0,0,-0.291046287759395,-0.126174866632333,-0.0536060882969813,0.0247897827169347
0.55,2,24.3365384615385,34.1973684210526,35.48,38.6122448979592,1.08784454193456,1.11969826767469,6.5625,4.53947368421053,0,0,0,0,0,0,0,-0.28731030787829,-0.0819881826572743,-0.0331480672378143,0.0259586092010756
1.02020202020202,3,27.2876712328767,32.6417910447761,36.9052631578947,43.5957446808511,1.08107246447551,1.06044570858487,6.24324324324324,3.89333333333333,0,0,0,0,0,0,0,-0.305202862295969,-0.419135648365096,0.0675231781667443,0.0310508589323598
1,1,31.44,28.5747126436782,39.4626865671642,39.8409090909091,1.15102461358799,1.08783873042246,7.69620253164557,6.41772151898734,0,0,0,0,0,0,0,-0.150766340678214,-0.33153539967059,0.117348135738059,0.0216488435155701
