FTHG,FTAG,HTGS,ATGS,HTGC,ATGC,HTP,ATP,HTFormPts,ATFormPts,HTWinStreak3,HTLossStreak3,HTLossStreak5,ATWinStreak3,ATLossStreak3,ATLossStreak5,HTGD,ATGD,DiffPts,DiffFormPts
0.714285714285714,2.66666666666667,12.241935483871,14.2555555555556,12.6153846153846,10.7971014492754,1.83660130718954,1.94444444444444,10,10,0,0,0,0,0,0,0.107661290322581,1.26813948810014,0.0107306187922691,0.226496082177197
3.7,2.46153846153846,15.6849315068493,14.6585365853659,12.6265060240964,12.056338028169,1.6025641025641,1.6922514619883,10,10,0,0,0,1,0,0,0.66338808250573,-0.207556805713488,0.0647205257745619,0.062389643409695
0.555555555555556,0.9,16.3521126760563,15.25,14.3181818181818,14.9879518072289,1.54766344766345,0.969180821592375,8.2,5.72727272727273,1,0,0,0,0,0,-0.221955708795603,-0.190290786699534,0.535473378789496,0.0702295677483795
1.75555555555556,1.58928571428571,14.4714285714286,18.5526315789474,16.0824742268041,17.2380952380952,1.37112281984176,1.00269213763147,5.475,4.52307692307692,0,0,0,0,0,0,-0.259631542872726,0.0294122334185854,0.352988662585986,0.0605319676881117
1.72463768115942,1.47457627118644,13.6901408450704,20.4948453608247,18.6436781609195,20.1494252873563,1.20118760599224,1.32688393997761,5.02702702702703,4.05357142857143,0,0,0,0,0,0,-0.320771361270226,-0.138474857167108,-0.117476844310334,0.121985081911552
0.970588235294118,0.839080459770115,15.6769230769231,17.4782608695652,20.7261904761905,20.855421686747,1.11076141452217,1.27130114784937,8.48,2.88888888888889,0,0,0,0,1,0,-0.522255162268253,-0.180008542369355,-0.155861876456861,0.339338993666629
1.75342465753425,0.759036144578313,20.2203389830508,18.0217391304348,19.1525423728814,21.2439024390244,1.27377991682503,1.12314840050684,2.1,5.27272727272727,0,0,0,0,0,0,-0.188657223859898,-0.304812045373164,0.115511026274457,-0.158023548709823
1.72463768115942,1.3,24.2727272727273,19.4651162790698,17.515625,22.4285714285714,1.91988936988937,1.33113491887899,9.1875,5.66666666666667,0,0,0,0,0,0,0.677765104738789,-0.182267793670958,0.420797321969808,0.138287426958709
1.16666666666667,3.66666666666667,26.7692307692308,20.752808988764,21.1746031746032,25.8961038961039,1.24748301215693,1.03265241424097,6.31578947368421,5.66666666666667,0,0,0,0,0,0,-0.1121773372826,-0.351962134648971,0.30723757182994,0.027250585498071
4.5,0.9,28.984375,24.6417910447761,26.7948717948718,26.7121212121212,1.04130676032267,1.24438347600112,4.44444444444444,6.29166666666667,0,0,0,0,0,0,-0.0713122370853363,-0.243600178678461,-0.400432445100554,-0.027423259547744
0.25,0.78,27.5396825396825,26.2465753424658,29.9852941176471,26.2307692307692,1.24540079661237,1.61892785754748,5.08823529411765,10,0,0,0,0,0,0,-0.320351267892694,0.324168672192224,-0.16207834968593,-0.140952707748269
1.67272727272727,0.483870967741935,27.031746031746,27.1774193548387,28.4603174603175,27.7358490566038,1.37465710749713,1.29711741961742,8.82352941176471,3.54545454545455,0,0,0,0,0,0,-0.171318050129711,-0.190269423558897,0.158220649081197,0.164485028168866
0.970588235294118,2.46153846153846,27.71875,27.5714285714286,33.0923076923077,29.2093023255814,1.16765973286425,1.68877764901897,2.1,7.55555555555556,0,0,0,0,0,0,-0.38549436468344,0.358821323089601,-0.383804681962405,-0.262717790107496
1.75342465753425,0.608695652173913,28.5666666666667,25.5714285714286,34.2962962962963,35.5454545454545,1.1317291894788,0.998798021200767,8.5,1.63636363636364,0,0,0,0,1,1,-0.235868742909322,-0.557607655502392,0.0207392692487266,0.23170580061245
1.63265306122449,1.63461538461538,30.5365853658537,23.4512195121951,38.1428571428571,39.71875,1.04227451454622,0.954285694906672,1.75,5,0,1,1,0,0,0,-0.705128071775669,-0.698224509953357,0.152185186027925,-0.188359032872608
0.525423728813559,0.523809523809524,38.0810810810811,23.8068181818182,25.1111111111111,38.921568627451,1.8154220558329,0.987855904907566,8.875,1.7037037037037,0,0,0,0,1,1,1.0472667991928,-0.493247946057241,0.623299863615957,0.236631261825965
0.985714285714286,1.70731707317073,31.741935483871,24.1904761904762,40,35.48,1.05274413769816,0.964696636698984,3.30769230769231,4.64705882352941,0,1,0,0,0,0,-0.624499129563948,-0.282027347909471,0.107055837603894,-0.0128574941492242
1.04166666666667,1.47457627118644,29.1052631578947,26.6714285714286,42.2608695652174,40.6818181818182,1.03148988004799,0.967854386166474,3.1,4.63461538461539,0,0,0,0,0,0,-0.462085916709483,-0.436614861314048,0.105747706965328,-0.0238367170179013
0.547945205479452,0.839080459770115,28.0357142857143,28.2131147540984,31.75,45.5434782608696,1.09289652789967,0.968912636121865,4.82142857142857,3.1,0,0,0,0,0,0,-0.195070318257838,-0.543531647651083,0.148727574499182,0.053446124607181
0.985714285714286,0.78,30.9677419354839,28.5892857142857,40.7777777777778,43.6578947368421,1.04442438107744,0.976707717651884,5.04285714285714,4.66153846153846,0,0,0,0,0,0,-0.415995926316489,-0.449654143024339,0.119934489470429,0.00515283811080385
1.04166666666667,0.4875,29.2459016393443,28.5357142857143,35.9705882352941,46.75,1.12881435031848,0.994601660116294,5.08333333333333,5.18292682926829,0,0,0,0,0,0,-0.203111625109561,-0.478065505793136,0.158045931243883,0.0137540078513204
0.5,0.479452054794521,30.8846153846154,28.375,44.974358974359,44.1714285714286,1.02066847726403,0.993968641049128,4.56338028169014,5.59493670886076,0,0,0,0,0,0,-0.417459879784451,-0.490394132038117,0.0426742866001803,-0.0176211744445254
2.5,0.766233766233766,27.9056603773585,28.6206896551724,42.6756756756757,48.0645161290323,0.934208029928732,0.993449513651648,4.43589743589744,5.07317073170732,0,0,0,0,0,0,-0.589780222795954,-0.550340391786599,-0.111520322234551,0.00274261702197326
1.09803921568627,0.483870967741935,28.4,33.0769230769231,42.4102564102564,50.5,0.987822664262579,0.958147617634416,2.63333333333333,5.5,0,0,0,0,0,0,-0.368134580030278,-0.541236188481519,0.143657023012211,-0.0187871101541414
1.00925925925926,2.46153846153846,33.3076923076923,61.1428571428571,49.8125,34.6666666666667,0.998413895365616,1.92752070978024,2.52777777777778,12.25,0,0,0,1,0,0,-0.496874039387945,0.892679495674051,-0.957355433603165,-0.140689280488532
1.00925925925926,0.608695652173913,45.8333333333333,32.625,43.8076923076923,47.7777777777778,1.48019174136019,0.980936418874016,3.33333333333333,2,0,0,0,0,0,0,-0.101686015035949,-0.463149247770566,0.255277114190158,0.02674232691355
1.00925925925926,1.67164179104478,35.5,29.4444444444444,52.3846153846154,49.7777777777778,0.992124646034615,0.973209161200476,2.47619047619048,5.57142857142857,0,0,0,0,0,0,-0.515295041556164,-0.487075549903336,-0.0488976573159108,-0.0372033496803701
1.04166666666667,0.839080459770115,34.525,34.7,48.2777777777778,55.1818181818182,1.0165543728084,0.922936769614938,3.28571428571429,3,0,0,0,0,1,1,-0.321826090036762,-0.541413737572112,0.234244904356395,0.0529755543474038
0.535714285714286,0.808333333333333,34,60.6666666666667,59,37,0.87488038277512,2.28947368421053,1.9047619047619,12,0,1,0,1,0,0,-0.481122653346493,0.918420410076035,-1.03015875436684,-0.130550984146736
1.67272727272727,1.16666666666667,0,0,0,8.6,0,0,1.35714285714286,1,0,0,0,0,0,0,-0.167608836388655,0.0142857142857143,0,0
0.976744186046512,4,6.45283018867925,7.42857142857143,8.30769230769231,7,0,1.38636363636364,1.45454545454545,2.75,0,0,0,0,0,0,-0.420728223542849,0.319224094046075,-1.22545257667495,-1.5
1.00925925925926,0.5,6.45283018867925,7.67241379310345,8.55555555555556,7.91489361702128,0,0,1.88888888888889,1.90909090909091,0,0,0,0,0,0,-0.465541553200662,-0.590677216174591,0.0727272727272727,0
1.05882352941176,0.795698924731183,6.45283018867925,7.9,9.01754385964912,10.1052631578947,0.921474358974359,0.75,3.67857142857143,3.125,0,0,0,0,0,0,-0.436654005952395,-0.759314402441717,0.0234433715854926,-0.0044740297470444
3.63636363636364,0.808333333333333,6.59259259259259,8.05,10.3692307692308,10.59375,1.08891747246999,0.936476356635895,5.33823529411765,4.22972972972973,0,0,0,0,0,0,-0.246375524821741,-0.677077209887213,0.321996745196134,0.190059791693607
0,0.808333333333333,7.90909090909091,8.03225806451613,11.6388888888889,10.7971014492754,0.894294840336084,0.892084483204365,4.43396226415094,4.36842105263158,0,0,0,0,0,0,-0.957738095238095,-0.461547307697576,-0.00312686814340878,0.0714285714285714
6,0.808333333333333,8.03174603174603,8.46031746031746,12.320987654321,11.8571428571429,1.38436542921837,0.891794220497761,7.85714285714286,4.3,0,0,0,0,0,0,1.0284943977591,-0.924278746682239,0.595538914712087,0.6
1,0.78,8.29850746268657,8.90140845070423,13.0609756097561,14.025974025974,0.844616420071809,0.961551556755489,4.48936170212766,3.70422535211268,0,0,0,0,1,0,-0.733323452862927,-0.989518057699876,-0.20049453940561,0.291666666666667
1.63265306122449,0.4875,7.921875,9.77464788732394,13.6705882352941,15.4583333333333,1.06471397614308,0.879091025338049,6.31506849315068,4.18918918918919,0,0,0,0,0,0,-0.274811832532421,-0.961932552741376,0.168055253622748,0.177780829756687
0.5,0.459016393442623,8.30882352941176,9.14864864864865,15.3333333333333,17.2739726027397,0.918819135977826,0.726919511517035,4.53125,3.66666666666667,0,0,0,0,1,0,-1.01065692502474,-0.909865775250391,0.289287730050709,0.0764804004514183
1.75555555555556,0.479452054794521,8.12121212121212,9.97402597402597,19.1910112359551,16.7971014492754,1.08610861997744,0.827473451180132,5.58666666666667,4.27906976744186,0,0,0,0,1,0,-0.950055125055125,-0.972644093522577,0.437112765678555,0.146518274739183
1.85294117647059,0.67741935483871,8.58571428571429,11.4673913043478,21.1279069767442,17.2957746478873,0.882941989482934,1.11246303139366,4.66666666666667,6.55102040816327,0,0,0,0,0,0,-1.0170200970201,-0.369532561035024,-0.559213074760655,-0.199993392336379
2.54545454545455,2.46153846153846,8.83098591549296,12.67,22.1807228915663,17.0843373493976,0.942205310204233,0.942452540574271,6.29166666666667,5.30909090909091,0,0,0,0,0,0,-0.997698922698923,-0.302230139291472,-0.0315487114617549,0.0716794538855205
2.30769230769231,1.36666666666667,14.3589743589744,12.8349514563107,20.6986301369863,21.275,0.91595949699801,0.996085687964686,6.14516129032258,5.05952380952381,0,0,0,0,0,0,-1.00678671505152,-0.511853290153941,-0.0465238193932381,0.048688931323793
1,0.819444444444444,19.1666666666667,13.1792452830189,17.7384615384615,25.0909090909091,1.5016694229878,0.938873304760539,4.90476190476191,5.5,0,0,0,0,0,0,-0.125,-0.771898609507717,0.416543015677041,0.0127197790294897
2.40625,0.4875,21.5769230769231,13.4814814814815,19.8771929824561,28.2441860465116,1.3126516112474,0.986038209630043,5.55357142857143,6.64150943396226,0,0,0,0,0,0,0.27663856611225,-0.781028142961202,0.369718808841375,-0.0342979470698983
0.588235294117647,0.459016393442623,24.32,13.8990825688073,24.5833333333333,29.1609195402299,1.03884645711734,0.985573659845463,7.16071428571429,6.65,0,0,0,0,0,0,-0.738642413487134,-0.658453748406249,0.0211360231287768,0.00672472831610299
2.5,0.461538461538462,35.5714285714286,22.9024390243902,24.9193548387097,27.16,1.72573908059997,0.961526768726147,6.14285714285714,6.5625,0,0,0,0,0,0,1.04126262626263,-0.833087925269775,0.664992713301537,-0.00410542739706043
1.04878048780488,2.47619047619048,24.75,29.5263157894737,31.1228070175439,25.974358974359,1.03623732221295,1.86343246894717,4.90476190476191,7.82352941176471,0,0,0,0,0,0,-0.752492303944989,0.853797610998422,-0.824602697043179,-0.0843123519173876
1.58620689655172,1.4,26.24,24.5714285714286,32.7115384615385,33.9090909090909,0.939506787072577,0.955339698929276,5.5,3,0,0,0,0,0,0,-0.564628272961606,-0.691742581090407,0.131571087216248,0.100819515547774
0.833333333333333,0.526315789473684,36.32,17.8571428571429,25.9512195121951,39.3181818181818,1.52491935483871,0.927377945777283,8.47368421052632,3.09803921568627,0,0,0,0,0,0,0.5,-0.847191020343772,0.673280423280423,0.188274874016607
3.125,0.42,39.75,17.9009900990099,27.9285714285714,39.6666666666667,1.77517361111111,0.928271574800651,8.5,3.55737704918033,0,0,0,0,0,0,1,-0.766006062619394,0.638261217948718,0.142652221133358
2,1.67164179104478,26.2,28.2857142857143,39.0869565217391,35.4666666666667,0.99406409040249,0.936897088251059,3.52631578947368,5.125,0,0,0,0,0,0,-0.858180519171231,-0.815033684331178,0.235294117647059,-0.0580570530295822
0.970588235294118,0.839080459770115,21.8051948051948,45,44.4347826086956,26.4772727272727,0.945201081888215,2,3.43396226415094,13,0,0,0,0,0,0,-0.962100080850081,1.13157894736842,-1.0952380952381,-0.243680043245462
1.64285714285714,0.78,23.3636363636364,44,43.7142857142857,34.96,0.927672897291804,1.5933014354067,3.97368421052632,9.5,0,0,0,0,0,0,-0.89616248804448,0.541666666666667,-0.548976608187134,-0.118272774696923
0.902439024390244,0.4875,26.4677419354839,27.9655172413793,38.4888888888889,43.7674418604651,1.06204969643845,0.919341895799888,7.1063829787234,4.55,0,0,0,0,0,0,-0.417155115278803,-0.730287120122005,0.124869864216707,0.0614872085962489
2,0.479452054794521,30.7254901960784,22.4509803921569,36.6825396825397,47.1944444444444,0.988900129935661,0.956038658251179,5.41666666666667,5.48684210526316,0,0,0,0,0,0,-0.287393946912526,-0.7718510126799,0.0269150382256284,0.00529415082045761
5,0.709677419354839,33.936170212766,30.6666666666667,40.0344827586207,47.24,1.20107143857369,0.92477710593818,7.91489361702128,5.58333333333333,0,0,0,0,0,0,-0.229331546815197,-0.805587948104925,0.389346270986896,0.0457721663836511
0.8,1.58928571428571,28.9230769230769,63,51.7307692307692,37.8571428571429,0.95811357935863,1.88901329851935,4.75,7.47058823529412,0,0,0,0,0,0,-0.808510708948695,1.05675954592363,-0.966335108604846,-0.0435923861492378
2.40425531914894,1.45833333333333,26.4285714285714,30,49.375,48.5384615384615,0.868198964351978,0.958755967746196,4.421875,3.88235294117647,0,0,0,0,0,0,-0.762674719738432,-0.792857142857143,-0.0689293246436104,0.0202042289192867
1.84615384615385,0.526315789473684,29.5409836065574,27.7121212121212,55.7857142857143,42.3333333333333,0.912957202923138,1.00245736696148,3.93181818181818,4.18918918918919,0,1,0,0,0,0,-0.734673647439756,-0.30716131857678,-0.12905725446568,-0.00181531646188451
1.72463768115942,0.4375,30.1,27.2258064516129,40.3571428571429,55,1.12417084265541,0.926615530089987,7.26315789473684,3.27272727272727,0,0,0,0,1,0,-0.13381609038756,-0.743167575619566,0.285639491275236,0.0613918895806467
1.03448275862069,3.27272727272727,30.4833333333333,26.6268656716418,55.0666666666667,56.3333333333333,0.958300468518044,0.918154524076736,3.91666666666667,2.57142857142857,0,1,0,0,0,0,-0.688978202415208,-0.835156753365209,0.0466218765261023,0.0309474973251977
0.612244897959184,0.428571428571429,31.2131147540984,30.1515151515152,40.75,61,1.20720147790269,0.926692829347735,3.66666666666667,4.29166666666667,0,0,0,0,0,0,-0.151178658939209,-0.963566166273041,0.447720899271411,0.0119444486444386
0.636363636363636,1.67164179104478,30.135593220339,38.3809523809524,60.5,40.5,0.923045948321181,1.59708395928404,4.26865671641791,6.56818181818182,0,0,0,0,0,0,-0.874719382088681,0.223099772222579,-0.77810475206514,-0.0205734375522112
0.5,0.894736842105263,30.4666666666667,37.1875,65,60.25,0.917269242114625,0.993516326614545,4.5,5.65,0,0,0,0,0,0,-0.881659601700362,-0.298607495658093,-0.140801346700396,-0.0211496178523016
1.58974358974359,1.55223880597015,31.3,38.8333333333333,58.75,65.5,0.987772105429811,0.909110380622419,4.45833333333333,2.3,0,0,0,0,0,0,-0.818620259245259,-0.803703053703054,0.19985687674949,0.0425859406941004
0.5,0.526315789473684,39,62.6666666666667,63,24,0.852472089314194,1.6347687400319,2.27777777777778,6.625,0,0,0,0,0,0,-0.788482937879636,0.781505107666098,-0.73863057870485,-0.035851548810484
1.67272727272727,0.459016393442623,0,0,0,3.25,0,0,1.4,1.66666666666667,0,0,0,0,0,0,-0.144778357243965,-0.128894176664575,0.0165972937401509,0.0829366187078016
0.970588235294118,0.459016393442623,6.59259259259259,7.57894736842105,8.43396226415094,6.97560975609756,0,0.725,1.88888888888889,2.45833333333333,0,0,0,0,0,0,-0.776556643204241,-0.142718460166772,-0.328365486249706,-0.323862262054225
1.64285714285714,0.479452054794521,6.55555555555556,7.6551724137931,8.94642857142857,7.71739130434783,0.83974358974359,0.962131574112023,3.13333333333333,3.34,0,0,0,0,0,0,0.981311926252628,-0.293121655794902,-0.00020734365436938,0.100412528647823
0.970588235294118,0.67741935483871,6.83928571428571,7.75862068965517,9.48333333333333,9.46296296296296,0.913578506292694,0.961715508455935,4.17857142857143,4.22972972972973,0,0,0,0,0,0,-0.625555172811365,-0.309052967151047,-0.0783197347384016,-0.260247738372738
1.64285714285714,2.5,6.41509433962264,7.83333333333333,10.5151515151515,10.35,1.23340000060293,0.911094269084015,6.22950819672131,4.34567901234568,0,0,0,0,0,0,-0.359439696783253,-0.393213582057355,0.290232883215063,0.446866205689735
1.03448275862069,0.615384615384615,7.1551724137931,8.40909090909091,11.2428571428571,10.46875,1.10439143682532,0.934686043856333,6.71875,5.05194805194805,0,0,0,0,0,0,-0.328287965444203,-0.160243691248155,0.229658488720635,0.297258297258297
0.535714285714286,0.479452054794521,8.29850746268657,9.83333333333333,12.1168831168831,11.1212121212121,1.3360212910178,1.09220656763121,8.5,6.06666666666667,0,0,0,0,1,0,-0.239561600364504,-0.114506665648925,0.10426393535637,0.328595141509901
1.67272727272727,0.766233766233766,8.25757575757576,9.375,10.7910447761194,11.1285714285714,1.2031737195553,1.19507132685623,9.2,6.68,0,0,0,0,0,0,-0.132749510886413,-0.131672794812533,0.102314936197099,0.198962094120197
0.976744186046512,0.4875,8.26865671641791,9.11594202898551,10.9142857142857,12.9420289855072,1.70840584108318,0.998756162138515,8.88888888888889,6.60606060606061,0,0,0,0,0,0,0.176741240533701,-0.45180867441737,0.349469900761003,0.126912668069465
1.05882352941176,0.479452054794521,8.53521126760563,9.19178082191781,9.78333333333333,14.4375,1.0548028027147,0.76246316386119,7.5,3.92857142857143,0,0,0,0,1,0,-0.224496846750457,-1.0192007797271,0.425191126862019,0.205458902919985
3.63636363636364,0.795698924731183,9.09722222222222,9.91780821917808,10.3235294117647,15.7205882352941,1.61352075989861,1.23100434420774,9.31578947368421,5.61290322580645,0,0,0,0,0,0,0.454392856604267,-0.258137903762904,0.302757184140874,0.19858839534248
0.5,0.808333333333333,8.93055555555556,13.1016949152542,11.7945205479452,14.9117647058824,1.09272665702045,0.756756756756757,4.76470588235294,2.3,0,0,0,0,1,0,-0.442675837226559,-0.918918918918919,0.520373059333463,0.163744359044802
2.3448275862069,0.78,15.92,17.3833333333333,13.2289156626506,15.8108108108108,1.10457983727435,1.85793650793651,4.27272727272727,6.68181818181818,0,0,0,0,0,0,-0.546013330818085,0.769026733500418,-0.778079710144927,-0.250003965210179
1.72727272727273,0.505263157894737,20.625,16.4032258064516,13.448275862069,14.3777777777778,1.9637569049125,1.05872129127728,9.63636363636364,6.01923076923077,0,0,0,0,0,0,0.937269007676384,-0.31482298339167,0.781275298775299,0.264748377853182
1.03448275862069,0.766233766233766,20.65625,11.8854166666667,15.0224719101124,16.6739130434783,0.964038316083342,1.01707866183262,5.93333333333333,6.03448275862069,0,0,0,0,0,0,-0.296803004548103,-0.3891698453913,-0.00418745402311727,0.0667851233306393
0.547945205479452,0.505263157894737,15.0655737704918,12.62,18.1684210526316,17.9555555555556,1.0830359258164,0.998878905403009,4.5,6.66071428571429,0,0,0,0,0,0,-0.36855888439594,-0.355298717624283,0.0518251704162888,-0.0875288809593343
1.03508771929825,0.67741935483871,13.3289473684211,18.6119402985075,19.25,18.7558139534884,0.985917884887831,1.02867383754735,2.94871794871795,5.44,0,0,0,0,0,0,-0.310405291478641,-0.270516336400411,-0.162568999142299,-0.0837492264947095
1.66666666666667,2.5,14.1081081081081,21.7391304347826,20.2873563218391,23.8474576271186,1.02197305917338,1.39747866220827,5.23809523809524,6.1,0,0,0,0,0,0,-0.336951646240604,0.198483775774904,-0.207865732213579,-0.0155199483545576
5,0.615384615384615,22.3636363636364,22.3975903614458,20.6111111111111,27.140350877193,1.03965895894948,0.915736527099898,3.78571428571429,5.6875,0,0,0,0,0,0,-0.371174524400331,-0.473278106756368,0.103565802341489,-0.0321244384327394
2,0.42,40.4615384615385,25.9444444444444,21.7093023255814,25.7916666666667,1.69683810545723,0.95184777712405,7.66666666666667,5.625,1,0,0,0,0,0,0.86415506194918,-0.295066624027944,0.448021601146601,0.102913874762817
0.525423728813559,1.63461538461538,23.8181818181818,29.5471698113208,25.1408450704225,21.3846153846154,1.10431709786198,1.93559896240298,5.2,11.7142857142857,0,0,0,0,0,0,-0.309872717152129,0.70238317075534,-0.829669481450932,-0.205476153967422
0.985714285714286,0.526315789473684,16.7884615384615,27,30.4675324675325,23.9873417721519,0.994556711725284,1.0071151016446,3.36170212765957,4.6,0,0,0,0,0,0,-0.574002244415433,-0.244622858401468,-0.0708801521939518,-0.0430283019687848
1.00925925925926,0.479452054794521,16.3484848484848,23.3763440860215,29.9594594594595,28.3647058823529,0.958658337541753,1.02637697763348,6.34883720930233,4.2,0,0,0,0,0,0,-0.553948535803773,-0.281217879259679,-0.0256061114240093,0.12145124510263
1.04166666666667,0.709677419354839,20.5614035087719,24.2727272727273,29.0921052631579,29.8095238095238,0.984988189499144,1.76470793273545,3.36666666666667,11,0,0,0,1,0,0,-0.327814038399875,-0.178085167582045,-0.603701646373111,-0.219851251975149
0.612244897959184,1.58823529411765,24.3972602739726,25.9130434782609,31.9487179487179,29.1234567901235,0.988285016211291,0.977477188547763,8.62962962962963,2,0,0,0,0,1,0,-0.38749316780431,-0.241393851983643,-0.0344729685550942,0.196069810285048
0.636363636363636,0.636363636363636,23.2678571428571,28.031746031746,34.1296296296296,28.2857142857143,1.00240896244065,1.18030296249933,5,7.38888888888889,0,1,0,0,0,0,-0.256312209516533,-0.00840249642358798,-0.240253760403986,-0.0517263100265663
0.541666666666667,3,24.1964285714286,27.1754385964912,38.84,31.1643835616438,0.923225425037637,1.07885306094957,4.16666666666667,4.79487179487179,0,1,0,0,1,0,-0.601768606208125,-0.216943071967107,-0.124856198633782,-0.0112192093743305
1.02127659574468,3,27.0535714285714,34.4285714285714,34.3061224489796,32.5081967213115,1.0060356499596,1.28840475185289,6.22950819672131,4.81818181818182,0,0,0,0,0,0,-0.256272542677412,-0.320743313846762,-0.0792992725245349,0.0484914074971315
0.535714285714286,1.6,28.983606557377,64,33.2368421052632,32.68,1.0086303928847,1.9006848193823,6.08196721311475,8.30434782608696,0,0,0,0,0,0,-0.269382273788875,1.28984520123839,-1.02590600833635,-0.0279117982282601
1.75555555555556,0.529411764705882,28.8196721311475,29.5,34.7808219178082,36.8181818181818,0.995209469963394,0.97294593674604,5.44444444444444,5.32142857142857,0,0,0,0,0,0,-0.290852471357341,-0.276644323418517,0.00133456820956822,0.0196825602488835
1.72463768115942,0.766233766233766,30.5762711864407,28.2166666666667,38.3035714285714,38.6440677966102,0.98714867171754,0.985231097740071,5.47222222222222,5.74025974025974,0,0,0,0,0,0,-0.299623711842899,-0.283497848529977,-0.0169295167147155,0.00388461385358663
0.976744186046512,0.4875,32.0333333333333,28.6428571428571,40.3018867924528,38.9122807017544,1.05689000410559,0.975505826830157,8.46875,5.36,0,0,0,0,0,0,-0.299267012091038,-0.284152147809739,0.0518862391955556,0.0597608911330529
1.04166666666667,0.461538461538462,31.5283018867925,37.7272727272727,37.9166666666667,43.1923076923077,1.01814404274339,0.959672893525243,5.62962962962963,3.13793103448276,0,0,0,0,0,0,-0.291568617190675,-0.259680702741223,0.204548708630087,0.0478285601190148
0.535714285714286,2.47619047619048,31.1833333333333,54.8333333333333,45,40.804347826087,0.997806374373203,1.8495908810095,5.4,4.71186440677966,0,0,0,0,0,0,-0.240660417239927,0.323658468110591,-0.721022103310799,0.022793059424286
1.79166666666667,1.36666666666667,31.0175438596491,31.75,62.2857142857143,40.3389830508475,0.952387827138046,1.0173305887333,7.92,5.47945205479452,0,0,0,0,0,0,-0.821386876558543,-0.234671486191954,-0.0474928334564798,0.0312036434856947
2.54545454545455,0.839080459770115,31.6666666666667,29.8958333333333,53,42.8076923076923,0.962655030417225,0.970628927616804,2.82608695652174,4.50649350649351,0,1,0,0,0,0,-0.637119655442024,-0.283384820101027,0.0125176300540639,-0.0219620624576614
2.17647058823529,0.759036144578313,54,35.2727272727273,40.5833333333333,44.2127659574468,1.51209923084043,1.02739147677323,7.6551724137931,4.38157894736842,0,0,0,0,0,0,0.360004655288272,-0.254878823999668,0.456844184759855,0.0629118066825873
0.619047619047619,1.58823529411765,33,63.3333333333333,50.5,30.5,0.907775119617225,1.72368421052632,4.45454545454545,5.125,0,0,0,0,0,0,-0.33252521402894,0.298462726858625,-0.709035805704201,-0.0159539315129953
0.541666666666667,0.839080459770115,0,0,0,0,0,0,1.61904761904762,1.58333333333333,0,0,0,0,0,0,-0.131270244035698,-0.133240600873451,0.0416666666666667,0
1.03508771929825,0.808333333333333,6.45283018867925,7.6140350877193,6.54761904761905,7,1.625,0,3.64285714285714,1.82352941176471,0,0,0,0,0,0,0.352870851607806,-0.278581757561762,1.18333333333333,1.33333333333333
1.75342465753425,0.759036144578313,6.45283018867925,7.72881355932203,7.33333333333333,7.91489361702128,1.18079424907728,1.13636363636364,4.26865671641791,4.17142857142857,0,0,0,0,0,0,0.157785177985003,0.0856243025550492,-0.123310080442433,0
1.82456140350877,1.58928571428571,6.41509433962264,8.38095238095238,8.64814814814815,9.89285714285714,0.920955363056258,0.931986276148521,4.45833333333333,3.71794871794872,0,0,0,0,0,0,-0.137470984809694,-0.210372287556018,0.209171573239799,0.198190842468336
1.82456140350877,1.5,6.82142857142857,9.05633802816901,10.9558823529412,10.5238095238095,0.740027513387215,0.990721610518894,3.27659574468085,5.23636363636364,0,0,0,0,0,0,-0.838737369402203,-0.14285414493345,-0.48417116359103,-0.456613756613757
1.82456140350877,3.57142857142857,7.43333333333333,10.1012658227848,12.1538461538462,10.8030303030303,0.983951273396231,1.15993319561003,5.19148936170213,6.64150943396226,0,0,0,0,0,0,-0.219970799750211,0.269520146115126,-0.158724320114072,-0.333333333333333
1.82456140350877,0.428571428571429,8.87671232876712,10.8720930232558,12.65,11.6478873239437,0.948975173647551,1.0438320688818,3.84126984126984,6.62222222222222,0,0,0,0,0,0,-0.274820953594317,-0.135508246542729,-0.167963350543388,-0.714285714285714
1.63265306122449,1.63461538461538,10.2439024390244,11.5376344086022,12.8170731707317,12.1688311688312,1.07530229348568,1.028280170396,5.36231884057971,5.43396226415094,0,0,0,0,0,0,-0.0210138358301485,-0.159222922520656,0.051751936248137,0.3
0.625,0.529411764705882,10.7906976744186,13.8064516129032,13.2352941176471,10.6363636363636,1.30733826061688,1.05926613462316,6.17142857142857,6.4,0,0,0,0,0,0,-0.113825565540143,-0.136965512291505,0.287458877699694,0.112925608611434
0.541666666666667,0.766233766233766,8.92753623188406,15.5851063829787,14.2527472527473,11.0985915492958,0.921108252171478,1.84103755930523,5.70588235294118,10.125,0,0,0,0,0,0,-0.112831171845314,1.22747919494477,-0.615724543996269,-0.446626984126984
0.985714285714286,0.477611940298507,8.59722222222222,15.4252873563218,14.6818181818182,12.2027027027027,0.698111753426765,1.00971310753029,2.95121951219512,4.5,0,0,0,0,0,0,-0.888050030803466,-0.263998568635665,-0.421990871744566,-0.2188995215311
0.980392156862745,1.63461538461538,11.3448275862069,13.0571428571429,14.9382716049383,14.4666666666667,0.840231136736071,0.993660797106094,4.92592592592593,5.3469387755102,0,0,0,0,0,0,-0.374938655011119,-0.244502533624575,-0.0198487595557987,-0.0745471802810898
2.42,0.529411764705882,18.3064516129032,13.0571428571429,14.9662921348315,16.0674157303371,1.33331912315758,0.933731294171631,7.11904761904762,2.85294117647059,0,0,0,0,0,0,0.0477841400649479,-0.295015171527526,0.383293950344044,0.315382620851371
1.14285714285714,0.766233766233766,19.5283018867925,13.0571428571429,17.6483516483516,17.75,1.04791866687956,0.916341004046551,7.65,2.65853658536585,0,0,0,0,0,0,-0.0977679575323403,-0.410626706476621,0.304977154659442,0.295341862561542
0.535714285714286,0.4875,21.4117647058824,13.0571428571429,18.0123456790123,19.2808988764045,0.928527033062829,0.944273296435124,2.55555555555556,3.09756097560976,0,1,0,0,0,0,-0.623534588980813,-0.448183800193391,-0.165709109730849,-0.231625247709807
1.58974358974359,0.479452054794521,28.2608695652174,15.3711340206186,17.1125,19.1379310344828,1.9496580567711,0.926648453031857,8.5,2.98245614035088,0,0,0,0,1,0,1.12899159663866,-0.319002850958964,1.24571078431373,0.333441450981695
0.525423728813559,0.67741935483871,22.7894736842105,16.9347826086957,19.2222222222222,19.7176470588235,0.952853030942276,1.07226985187242,3.2,4.04081632653061,0,0,0,0,0,0,-0.518682571814151,-0.135737597196991,-0.241763382816014,-0.159966521573664
1.02127659574468,2.48780487804878,14.0493827160494,16.8390804597701,21.8941176470588,23.9710144927536,1.00915910210383,0.904465055942312,5.30357142857143,2.80769230769231,0,0,0,0,0,0,-0.45292940910584,-0.450834230572741,0.145318234443608,0.0906010961148823
0.535714285714286,0.942857142857143,15.3456790123457,19.463768115942,22.5287356321839,28.2972972972973,0.941225672455974,0.818374803894561,5.1,2.07142857142857,0,0,0,0,1,1,-0.361850084812143,-0.540579476534082,0.262273659926312,0.113841482503199
1.67272727272727,0.4875,17.1,22.7945205479452,24.8620689655172,29.7631578947368,0.914759185581798,0.956980942430779,4.56338028169014,3.09375,0,0,0,0,0,0,-0.358773080559307,-0.200814802782325,-0.163099842728752,0.0228298294648427
0.902439024390244,0.459016393442623,23.5576923076923,22.7179487179487,25.5731707317073,27.2987012987013,0.927315520563659,0.939448048655121,4.5,5.43478260869565,0,0,0,0,0,0,-0.455349527165355,-0.288328840076156,0.0246790259078135,-0.0284284984753834
2.40625,0.461538461538462,28.4489795918367,20.990099009901,24.6375,27.8271604938272,1.35739317557986,0.949330543745077,5.04109589041096,5.46575342465753,0,0,0,0,0,0,0.103431662129598,-0.321563076553311,0.403127817872598,-0.0103668542499891
0.59375,2.47058823529412,27.1052631578947,21.968085106383,26.3378378378378,31.493670886076,0.954782968818056,1.00684926826328,5.56578947368421,4.38235294117647,0,0,0,0,0,0,-0.5125,-0.419259745457788,-0.222700447700448,0.0501712840725059
1.03508771929825,0.942857142857143,41.4375,19.6875,25.6527777777778,32.1153846153846,1.81880195820898,0.906662619145675,5.62666666666667,3.27272727272727,0,0,0,0,0,0,0.870295148335945,-0.543520735352751,0.945146331797916,0.0595517731027887
1.75342465753425,0.505263157894737,27.0588235294118,17.5714285714286,30.25,34.089552238806,0.974635149956102,0.948221607442862,4.61764705882353,2.57142857142857,0,0,0,0,0,0,-0.516928031535608,-0.65566993837351,-0.0157729103215919,0.0507324015514191
1.72463768115942,0.766233766233766,25.5074626865672,20.5974025974026,32.6142857142857,37.3709677419355,0.956577489401375,0.934903560133327,4.61290322580645,3.85714285714286,0,1,0,0,1,0,-0.383611492397057,-0.528065841396337,0.0215328290831265,0.0286277099113406
0.976744186046512,0.505263157894737,26.8769230769231,22.8979591836735,32.9722222222222,36.5254237288136,1.16395064759252,0.96624478103151,8.60606060606061,5.88888888888889,0,0,0,0,0,0,-0.276711215481897,-0.425054474701119,0.270237372999533,0.0520619811769853
1.04166666666667,0.766233766233766,25.5,22.94,36.2909090909091,33.9875,1.00855609103592,0.953360135205335,6.27272727272727,5.41818181818182,0,0,0,0,0,0,-0.344091735982977,-0.472701407819444,0.0927298350222401,0.0392034582012768
0.535714285714286,0.483870967741935,24.6986301369863,31.0909090909091,39.962962962963,32.7457627118644,0.87165221361896,0.932506426439108,3.07692307692308,6.77272727272727,0,0,0,0,0,0,-0.537931200135297,-0.520550885570648,-0.0876768764396642,-0.0670569741505728
1.79166666666667,2.47058823529412,26.9672131147541,63.2,36.82,30.0566037735849,0.959648357109501,1.95620464560093,7.09090909090909,9.33333333333333,0,0,0,0,0,0,-0.320796575309643,1.21450540288711,-1.03918788594957,-0.0169058260183335
2.44444444444444,0.942857142857143,32.2093023255814,28.8571428571429,32.7115384615385,35.3541666666667,1.25291148200757,0.970865294549505,7.6969696969697,5.5,0,0,0,0,0,0,-0.125866792364152,-0.435580086580087,0.0907407407407407,0.0624920513013575
1.7,0.477611940298507,35.0833333333333,24.5542168674699,28.9565217391304,40.3666666666667,1.52614629336177,0.93922419843127,7,2.82978723404255,0,0,0,0,0,0,0.39689607496803,-0.459556736353473,0.575438857095204,0.0757362400543841
0.525423728813559,1.63461538461538,35.875,29.2941176470588,37.6111111111111,41.4912280701754,1.1625723658022,0.930845523647862,9.6,3.28571428571429,0,0,0,0,0,0,-0.169551418405115,-0.316899148665203,0.412847688076661,0.123668287996492
0.985714285714286,0.444444444444444,31.7837837837838,36.4285714285714,41.2553191489362,37.1296296296296,0.986322622465147,1.41654135338346,4.46666666666667,5.16666666666667,0,0,0,0,0,0,-0.372918061859346,-0.0550359570096412,-0.661122379986477,-0.0270801820957477
1.04166666666667,2.47058823529412,30.3064516129032,66,41.9565217391304,38.4146341463415,0.982922646785608,1.90595611285266,5.55405405405405,12.3333333333333,0,1,0,1,0,0,-0.357663729152337,0.640842490842491,-0.786186613682077,-0.0672036726392777
0.535714285714286,0.942857142857143,31.3636363636364,30.1666666666667,44.6,46.0277777777778,0.95055449259127,0.946905836495414,5.62666666666667,2,0,0,0,0,0,0,-0.378541965704658,-0.546091389869999,0.0678576027492762,0.0620729189300131
1.58974358974359,0.4875,47.5833333333333,33.0769230769231,47,45.0606060606061,1.47465798616487,0.957550360595327,4.61111111111111,4.8936170212766,0,0,0,0,0,0,-0.189839036101677,-0.374015200886366,0.458005463597569,-0.0217192035260211
0.5,0.479452054794521,38,62.3333333333333,57,31.5,0.927511961722488,1.72368421052632,5.71428571428571,4.23076923076923,0,0,0,0,1,0,-0.354450204049831,0.434517501332517,-0.803630302060963,0.0300722679717658
1.58974358974359,0.709677419354839,0,0,0,3.25,0,0,1.53333333333333,1.77777777777778,0,0,0,0,0,0,-0.146524773523519,-0.0912698412698412,-0.0219326504592205,0.00270185328201827
0.625,1.58823529411765,6.45283018867925,7.85,7.02222222222222,7,1.5,1.5,3.67857142857143,3.09375,0,0,0,0,0,0,0.253891449052739,0.107843137254902,-0.00991056739002332,0.00124257738949011
0.541666666666667,0.839080459770115,6.59259259259259,8.46031746031746,8,7,1.88371469800041,1.81926406926407,5.30357142857143,5.43478260869565,0,0,0,0,0,0,0.794659833630422,1.5,0.0149008932684109,0.12037037037037
0.985714285714286,0.55,6.83928571428571,8.90140845070423,8.98214285714286,7.8936170212766,1.04160022983552,1.18181818181818,4,5.72058823529412,0,0,0,0,0,0,-0.577189501531607,-0.0227272727272727,-0.575397706125867,-0.472222222222222
0.714285714285714,3.38888888888889,7.37704918032787,9.84722222222222,9.75806451612903,9.875,1.31738553372679,1.21996046074198,6.42857142857143,6.08064516129032,0,0,0,0,0,0,0.309543723196475,0.0752013859156716,0.0284076810249923,0
4.5,0.909090909090909,8.12307692307692,9.6025641025641,10.7313432835821,11.2898550724638,1.57412712683767,1.10712083701729,8.55172413793103,6.05555555555556,0,0,0,0,0,0,0.274740829346093,-0.198027258820443,0.319479824324921,0.315121990825316
0,1.58823529411765,8.42647058823529,10.1081081081081,13.2048192771084,11.7333333333333,1.026817437382,1.20902484289976,4.33333333333333,5.625,0,0,0,0,0,0,-0.667012351717351,-0.149415003241594,-0.274558829421109,-0.428571428571428
5,0.894736842105263,8.16666666666667,9.50684931506849,13.9418604651163,12.9012345679012,0.999673411397889,0.967861486875091,7.54545454545455,2.64705882352941,0,0,0,0,0,0,-0.550338040656668,-0.630346303035821,0.0444509737121939,0.8
0,1.55223880597015,8.53521126760563,9.19178082191781,14.9883720930233,16.6666666666667,0.909179513581819,0.882306772333781,2.68,4.42857142857143,0,0,0,0,0,0,-1.03812915839558,-0.894407787438478,0.0936857488554745,-0.444444444444444
1.03508771929825,0.529411764705882,8.7536231884058,10.1012658227848,16.780487804878,16.4769230769231,1.08762019166729,0.940903130422702,7.54545454545455,2,0,0,0,0,1,1,-0.122252831517537,-1.00701214696405,0.371375782719161,0.875
1.78048780487805,0.766233766233766,8.57142857142857,10.9767441860465,18.9879518072289,16.7619047619048,0.87872860788101,1.00990210701776,1.81818181818182,6.47368421052632,0,1,1,0,0,0,-0.981503872883183,-0.23378959003959,-0.482826226767876,-0.727272727272727
2.41463414634146,0.505263157894737,8.64285714285714,11.494623655914,22.0919540229885,17.2903225806452,0.765194402601657,0.951440183962116,3.84615384615385,3.92857142857143,0,0,0,0,1,0,-0.950055125055125,-0.832851456563079,-0.174257817851045,0.0625
1.09803921568627,0.766233766233766,9.55128205128205,12.2947368421053,21.2253521126761,20.3,0.908891328545219,1.03512341414932,3.95238095238095,5.80357142857143,0,1,0,0,0,0,-0.962749972202894,-0.256234251859252,-0.177104287009281,-0.140554464114443
0.980392156862745,0.483870967741935,9.89873417721519,15.5384615384615,19.9855072463768,24.0704225352113,0.959867537245374,0.916436135824213,5.33823529411765,4.375,0,0,0,0,0,0,-0.239359202327117,-0.897205513784461,0.0439529465529227,0.0789296928220859
2.48148148148148,2.46153846153846,15.7021276595745,18.3378378378378,21.0188679245283,27.3571428571429,0.894891547071026,0.960586270937663,4.66666666666667,3.71794871794872,0,0,0,0,1,0,-0.900190076030412,-0.288862465417268,0.0119487138734346,0.0385905827406725
2.30769230769231,0.615384615384615,19.063829787234,17.6712328767123,19.7547169811321,30.3333333333333,1.5903177050141,0.922807855274673,6.27536231884058,4.52631578947368,0,0,0,0,0,0,0.922258315512585,-0.804962410727823,0.755114716438246,0.0642364211114788
1.14285714285714,0.461538461538462,17.7619047619048,21.125,25.9787234042553,29.2363636363636,0.998100557668282,0.933180467282718,4.95,3.43478260869565,0,0,0,0,0,0,-0.721790119495872,-0.92051035775917,0.330551401203575,0.0837276471003641
0.535714285714286,2.47619047619048,14.2173913043478,27.1777777777778,33.6891891891892,25.5714285714286,0.87740599786138,1.96982630659101,2.96296296296296,6.95652173913043,0,0,0,0,0,0,-1.00463139886217,0.758342972816657,-0.982633743152433,-0.236686345411696
1.79166666666667,1.36666666666667,17.8076923076923,24.3636363636364,33.0196078431373,26.9210526315789,0.872671906624024,1.16379974357885,2.7741935483871,5.86363636363636,0,0,0,0,0,0,-1.09332256880705,-0.347222222222222,-0.75489417989418,-0.141127646382837
2.54545454545455,0.839080459770115,20.25,20.55,29.219512195122,33.7954545454545,1.17205160161382,0.906885220282056,5.19354838709677,3.3,0,0,0,0,0,0,-0.0775031461305971,-0.914375974902291,0.443824058824059,0.115422325031761
2.52,0.78,23.5,22.7945205479452,36.35,36.8166666666667,0.81304347826087,1.03542191058247,2.77777777777778,5.77777777777778,0,1,0,0,0,0,-1.07333333333333,-0.319763697881514,-0.207246376811594,-0.165371821517471
1.7,0.4875,40.6153846153846,22.7179487179487,24,41.1785714285714,2.36363636363636,0.919811289703558,10,4.52307692307692,1,0,0,0,0,0,1.36363636363636,-0.879925992954486,1.63636363636364,0.22201222953946
0.5,0.459016393442623,29.9333333333333,27.0588235294118,27.2105263157895,40.972972972973,1.5,0.937235715269318,9.66666666666667,4.38157894736842,1,0,0,0,0,0,0.521739130434783,-0.96704977258503,1.08695652173913,0.156677570530565
1.75555555555556,0.459016393442623,25.6666666666667,44.8,37.0909090909091,34.9714285714286,0.864582470669427,1.90739643053885,5.13333333333333,5.77611940298507,0,0,0,0,0,0,-0.857142857142857,1.12572506316501,-0.769230769230769,-0.0104646965661471
1.72463768115942,0.479452054794521,46.1111111111111,26.9230769230769,34.575,39.7647058823529,1.76329199519148,0.973755304663285,6.32432432432432,6.08064516129032,0,0,0,0,0,0,0.944705325311943,-0.723665650803024,0.75,0.00277530782790631
0.902439024390244,0.795698924731183,26,22.82,43.5348837209302,39.5531914893617,0.974171279119552,1.00170612848096,6.36842105263158,6.05555555555556,0,0,0,0,0,0,-0.747607387353904,-0.551872988616964,-0.359878485060409,0.0144803162315058
2.40425531914894,0.808333333333333,23.8947368421053,25.6901408450704,40.6585365853659,45.2333333333333,0.913124864014666,0.920458377974571,1.78947368421053,6.25641025641026,0,1,1,0,0,0,-0.577582520855385,-0.714156379726081,0.0256534651324763,-0.0999300409174234
1.90909090909091,0.78,28.2222222222222,27.2121212121212,44.4242424242424,50.3571428571429,0.879530448361211,0.966492119271195,5.21428571428571,7.47368421052632,0,0,0,0,0,0,-0.839033921785838,-0.743895581322061,-0.00371345178343092,-0.0271745769638934
