original,rolling_average,gaussian,savitzky_golay,convolution,median
44.76750745,,,44.76765642125873,24.392599876363636,44.67027978
44.74926623,,,44.74915071678321,28.45167976818182,44.67027978
44.73031236,,,44.73010326594406,32.508909336363644,44.67027978
44.71059574,,,44.71059129159674,36.56426737363636,44.67027978
44.69063708,,,44.69069201659675,40.617743170909094,44.67027978
44.67027978,44.66931838909091,44.67023931598847,44.67048266379966,44.66931838909091,44.67027978
44.64987881,44.64919970454545,44.64987604540355,44.65007913356655,44.64919970454545,44.64987881
44.62952525,44.628812398181815,44.62943469249634,44.629547759487295,44.62881239818182,44.62952525
44.60893841,44.608213670909095,44.60886721176021,44.60891582825187,44.608213670909095,44.60893841
44.58823377,44.58742414181818,44.58813763367633,44.58819011897448,44.58742414181818,44.58823377
44.5673274,44.56641590818182,44.56722941025547,44.567371382657456,44.566415908181824,44.5673274
44.54620192,44.54519479818182,44.54615354164769,44.546363823706415,44.54519479818182,44.54620192
44.52500586,44.523724098181816,44.52493344832526,44.525117012401054,44.523724098181816,44.52500586
44.50372636,44.501986674545456,44.50348938495556,44.503575146456996,44.50198667454545,44.50372636
44.48191092,44.47999334,44.48165361484719,44.481677025314795,44.47999333999999,44.48191092
44.45954651,44.457722191818185,44.45935855867654,44.45942750393951,44.45772219181818,44.45954651
44.43684757,44.43516540454545,44.436651436311124,44.43681782331014,44.43516540454546,44.43684757
44.41370111,44.41231190545455,44.41361087235118,44.413850472937185,44.412311905454544,44.41370111
44.39041359,44.389134173636364,44.39033682363263,44.39056645009336,44.389134173636364,44.39041359
44.36701173,44.365612798181814,44.366853406011586,44.36702384480198,44.36561279818182,44.36701173
44.34325114,44.34176748090909,44.34309982167412,44.34322597473205,44.34176748090909,44.34325114
44.31920274,44.31761686,44.319033751804334,44.31914889496515,44.31761686,44.31920274
44.29481343,44.293160504545455,44.294634317946304,44.29477756118892,44.293160504545455,44.29481343
44.27005081,44.26840742454545,44.26989565933515,44.27006573736608,44.26840742454545,44.27005081
44.24499123,44.24333820363636,44.24483110812554,44.245006757832286,44.24333820363636,44.24499123
44.21961243,44.21794356636364,44.21944251042302,44.219605532214565,44.21794356636363,44.21961243
44.19388968,44.19223721272727,44.193719215586306,44.193855471352094,44.19223721272727,44.19388968
44.16782766,44.16621983636364,44.16765430467125,44.16777835000012,44.16621983636364,44.16782766
44.14141723,44.139900217272725,44.14124982530107,44.14138860107238,44.139900217272725,44.14141723
44.11465216,44.113282523636364,44.114534813158755,44.11470322806539,44.113282523636364,44.11465216
44.08767072,44.08636325545455,44.08756071676925,44.087742688321796,44.08636325545454,44.08767072
44.06048125,44.05914740818182,44.06034805232615,44.060512990699415,44.059147408181815,44.06048125
44.0330116,44.03164050363636,44.0328816511098,44.0330177271796,44.03164050363636,44.0330116
44.00529762,44.00380031727273,44.00513918448258,44.00529938825186,44.00380031727273,44.00529762
43.97725618,43.97558138545455,43.97709407721457,43.97734119967377,43.97558138545455,43.97725618
43.94887928,43.94695974272727,43.94873853062879,43.9490494069465,43.94695974272727,43.94887928
43.92023811,43.91788532181818,43.92006181596552,43.92035060491853,43.91788532181818,43.92023811
43.89131373,43.888335897272725,43.890945438279665,43.891136767319466,43.88833589727273,43.89131373
43.86158561,43.85829671727273,43.861181931137196,43.86132083032645,43.85829671727273,43.86158561
43.83100898,43.82772315636364,43.83067584496505,43.83088083538473,43.82772315636364,43.83100898
43.79981409,43.79658333545455,43.79946099855748,43.799783839067715,43.79658333545455,43.79981409
43.76785209,43.764877299999995,43.767604374421644,43.76798267657354,43.7648773,43.76785209
43.73543758,43.732597364545455,43.73519455247856,43.73550567818194,43.732597364545455,43.73543758
43.70258062,43.699725334545455,43.70223840846873,43.702457000512936,43.699725334545455,43.70258062
43.66898845,43.666297354545456,43.66867019939753,43.668877448601506,43.666297354545456,43.66898845
43.63471815,43.63232726454545,43.634525478329735,43.63481011372971,43.63232726454545,43.63471815
43.60011289,43.59780576909091,43.599928930084914,43.60028991606072,43.597805769090904,43.60011289
43.56515882,43.56275548272727,43.564930177206804,43.565272985874245,43.56275548272727,43.56515882
43.5297214,43.52716397545454,43.52949387239338,43.52975892044301,43.52716397545455,43.5297214
43.49387783,43.491050810909094,43.49354841725903,43.49372429109569,43.491050810909094,43.49387783
43.45733799,43.454466937272734,43.4569942552872,43.45712706477867,43.454466937272734,43.45733799
43.42007764,43.41743755090909,43.4198017864212,43.419960326550225,43.41743755090909,43.42007764
43.38229894,43.37996619636363,43.38203304902535,43.382257031794985,43.37996619636364,43.38229894
43.343931,43.34204232363636,43.34379552975644,43.34409380731946,43.34204232363637,43.343931
43.30533581,43.303665924545456,43.30522818380164,43.30553201393951,43.303665924545456,43.30533581
43.26656584,43.264846036363636,43.26638678646741,43.266626645221564,43.264846036363636,43.26656584
43.2273949,43.22561489090909,43.227229283882075,43.22739640850827,43.225614890909085,43.2273949
43.18792799,43.18597558636364,43.18770616995663,43.18785617097913,43.18597558636363,43.18792799
43.14799622,43.14591223818182,43.14776838613642,43.14798851953391,43.145912238181815,43.14799622
43.10758101,43.105428362727274,43.10741166705261,43.107702461678436,43.105428362727274,43.10758101
43.06685906,43.06448661272727,43.06666624071654,43.0669528334733,43.06448661272727,43.06685906
43.02579539,43.02306719,43.02547602193495,43.025691464009434,43.02306719,43.02579539
42.98404529,42.98117222727273,42.983710193326246,42.983870684032745,42.98117222727273,42.98404529
42.94160211,42.93877651636364,42.941312434665825,42.94150365179498,42.93877651636364,42.94160211
42.89860837,42.89587505181817,42.89831137251584,42.89858018153858,42.89587505181818,42.89860837
42.85497656,42.85285945909091,42.854764054803965,42.854725011188926,42.85285945909091,42.85497656
42.81095219,42.810143781818184,42.81074876148652,42.810022435781,42.81014378181818,42.81095219
42.76655031,42.767963936363635,42.7663016296918,42.76514504592086,42.767963936363635,42.76655031
42.72157517,42.726701557272726,42.72161016856124,42.720694418811306,42.72670155727272,42.72157517
42.67608011,42.686508397272725,42.67771556917898,42.67761042477867,42.686508397272725,42.67608011
42.63440949,42.647515635454546,42.636353402234974,42.636632335687764,42.647515635454546,42.63440949
42.59698661,42.61008228272727,42.59831986807759,42.59801393039638,42.61008228272727,42.59698661
42.56181709,42.574503875454546,42.563324027641,42.56204189655023,42.574503875454546,42.56181709
42.53015912,42.540797632727276,42.53082000885512,42.52910225813531,42.54079763272727,42.53015912
42.49947735,42.50900796727273,42.500103473624115,42.49897828487191,42.50900796727273,42.49947735
42.46968799,42.47928641090909,42.471133981440055,42.47078541930081,42.47928641090909,42.46968799
42.44320968,42.45132679727272,42.444451178331526,42.444168665338104,42.45132679727272,42.44320968
42.41958971,42.42501418272727,42.419717906587536,42.418747855221554,42.425014182727274,42.41958971
42.39578164,42.40043464909091,42.395827937835726,42.39420632613065,42.400434649090904,42.39578164
42.37188885,42.377398456363636,42.372343604003866,42.37089812874137,42.377398456363636,42.37188885
42.34914299,42.356002579090905,42.34958522323689,42.348824696223886,42.35600257909091,42.34914299
42.32685374,42.33607485272727,42.32818276230245,42.32819162848496,42.33607485272727,42.32685374
42.30754785,42.31718240363636,42.309002695787505,42.309364840000114,42.317182403636366,42.30754785
42.29144222,42.29910799363636,42.29230129156993,42.292426226037406,42.29910799363636,42.29144222
42.276761,42.28183089727273,42.277539659181095,42.2771025088113,42.28183089727273,42.276761
42.2641227,42.265448842727274,42.263805165689895,42.26274242419591,42.265448842727274,42.2641227
42.250483,42.249961979999995,42.249929590339605,42.24882928489522,42.249961979999995,42.250483
42.23539274,42.23529861272727,42.23544555450168,42.234888980559546,42.23529861272727,42.23539274
42.2207712,42.221183884545454,42.22071053394818,42.22076369200478,42.221183884545454,42.2207712
42.20573358,42.20759048181819,42.206140619830336,42.20633157622389,42.20759048181819,42.20573358
42.19168625,42.194658056363636,42.19214405206992,42.191737382237875,42.194658056363636,42.19168625
42.1787875,42.18235916727273,42.17875548080865,42.177752091515266,42.18235916727272,42.1787875
42.1655567,42.17101111909091,42.16572427453076,42.16476084321688,42.17101111909091,42.1655567
42.15228584,42.16078244818182,42.15353265058104,42.153175422540905,42.16078244818182,42.15228584
42.14191479,42.151655600909095,42.14329694543335,42.143404172820624,42.15165560090909,42.14191479
42.13450432,42.14384506545454,42.135498026783026,42.13534071965046,42.14384506545454,42.13450432
42.12883492,42.13739636090909,42.129891925134665,42.129073244242534,42.137396360909094,42.12883492
42.12565447,42.13205503818181,42.125994036551255,42.12495604179499,42.132055038181825,42.12565447
42.12287736,42.12769043454546,42.12314482018919,42.12269104398612,42.12769043454546,42.12287736
42.12037588,42.12425105818182,42.12118882624889,42.1214246865036,42.12425105818181,42.1207505
42.11981769,42.121340805454544,42.12037158106752,42.12067828843834,42.121340805454544,42.12037588
42.1207505,42.11876022727272,42.120138634016804,42.1198486932402,42.11876022727272,42.12003295
42.12003295,42.11642661454545,42.119247039051764,42.11846195370641,42.11642661454545,42.11981769
42.11754606,42.114019400909086,42.11711746782265,42.11662602794883,42.11401940090909,42.11754606
42.1144527,42.111446686363635,42.113927890193544,42.11417539510501,42.111446686363635,42.1144527
42.10990201,42.108780743636366,42.11013324265057,42.11079287125885,42.108780743636366,42.10990201
42.10611796,42.10593280545454,42.10639359638307,42.10672022946398,42.10593280545454,42.10611796
42.10316518,42.10280570454545,42.102810554365675,42.102568771095676,42.10280570454545,42.10316518
42.09917512,42.099622000000004,42.098964824908045,42.0985687841493,42.099622000000004,42.09917512
42.0945775,42.09647629090909,42.0949870443679,42.09495862960384,42.09647629090909,42.0945775
42.09105051,42.09334831545455,42.091497331561186,42.09190176941736,42.09334831545455,42.09105051
42.08849037,42.09039024909091,42.088756993224315,42.089104781491955,42.090390249090916,42.08849037
42.08635239,42.08751927,42.086624045037716,42.08657365426585,42.08751927,42.08635239
42.0850122,42.084896404545454,42.0847482134686,42.08415501573438,42.084896404545454,42.0850122
42.08294326,42.08288580818182,42.0826126434521,42.08164504815862,42.08288580818182,42.08294326
42.08004497,42.08167007454546,42.08007149793816,42.07915321289055,42.08167007454546,42.08120443
42.07736328,42.081352135454544,42.07749925316041,42.076975566107336,42.081352135454544,42.08120443
42.07453719,42.08192117818182,42.075670428952556,42.07568933086259,42.08192117818182,42.08120443
42.07431366,42.08340633272728,42.07565664824529,42.075770258251865,42.08340633272728,42.08120443
42.07705856,42.08592947727272,42.077911684398074,42.07757106981363,42.08592947727273,42.08120443
42.08120443,42.08972763909091,42.08216619439284,42.081252775105,42.08972763909091,42.08120443
42.08755318,42.094832636363634,42.088065294177675,42.086973392774006,42.094832636363634,42.08755318
42.09474984,42.101180843636364,42.095228239633855,42.0946102713754,42.101180843636364,42.09474984
42.10268909,42.108830735454546,42.10363482936904,42.103528808181935,42.108830735454546,42.10268909
42.11276679,42.11753878454545,42.113556554845296,42.113437018927854,42.11753878454545,42.11276679
42.12472304,42.12718869181818,42.12464942508302,42.124024949160955,42.127188691818176,42.12472304
42.13619994,42.137818406363635,42.136034364264376,42.134994927342774,42.137818406363635,42.13619994
42.14719356,42.14927082909091,42.147345830253165,42.14649364377634,42.14927082909091,42.14719356
42.158686,42.16154882,42.15880296341107,42.15847876032645,42.16154882,42.158686
42.1701022,42.174772148181816,42.17083154356476,42.17079628221457,42.174772148181816,42.1701022
42.18320754,42.188931962727274,42.184010086155546,42.18370681587423,42.188931962727274,42.18320754
42.19813129,42.20401985,42.1984925898108,42.197732957342765,42.20401985,42.19813129
42.21352983,42.22027020454546,42.214028729548914,42.21310272389289,42.22027020454546,42.21352983
42.22980774,42.237828446363636,42.23075309677493,42.230035336923194,42.237828446363636,42.22980774
42.2481457,42.25675115818182,42.24914577145096,42.24870373755256,42.25675115818182,42.2481457
42.26852475,42.27721781636364,42.269451609671925,42.26895153559451,42.27721781636364,42.26852475
42.2906898,42.29923116181818,42.291652422508434,42.29084948734277,42.29923116181818,42.2906898
42.31495384,42.32275168818182,42.3155815212598,42.314564311375406,42.32275168818182,42.31495384
42.34033422,42.347869476363634,42.340951206750596,42.3399949365036,42.34786947636364,42.34033422
42.36683583,42.37464355272727,42.367718255862926,42.366960050396386,42.37464355272727,42.36683583
42.39523544,42.403021133636365,42.3960810541642,42.39541695170175,42.403021133636365,42.39523544
42.42535434,42.43299186818182,42.426075735583964,42.425323964102674,42.43299186818182,42.42535434
42.45685708,42.464572182727274,42.457590106580255,42.45668224799546,42.464572182727274,42.45685708
42.4898255,42.497728112727266,42.49058401134913,42.48964800666678,42.497728112727266,42.4898255
42.52432258,42.532526036363635,42.52509598653923,42.52424513846165,42.532526036363635,42.52432258
42.56029909,42.56891361545454,42.56123397053422,42.56056658025653,42.56891361545455,42.56029909
42.59820283,42.60675600636364,42.59916529744805,42.59868709435909,42.60675600636364,42.59820283
42.63807326,42.64600003818182,42.63895406283663,42.63850661522156,42.64600003818182,42.63807326
42.67966907,42.68659029272727,42.680496095553565,42.67989060916095,42.686590292727274,42.67966907
42.72311138,42.72852967,42.723466713559866,42.722592694242536,42.72852967000001,42.72311138
42.7670992,42.77182126090909,42.76736912069583,42.76640836289056,42.77182126090909,42.7670992
42.81150174,42.81641152818182,42.81199972511748,42.811228669790324,42.81641152818182,42.81150174
42.85703869,42.862220264545456,42.857496359018015,42.856997544149294,42.862220264545456,42.85703869
42.90334988,42.90925912181819,42.90405225209186,42.903647801888226,42.909259121818174,42.90334988
42.95115865,42.9575626390909,42.95188721074137,42.95126549095582,42.9575626390909,42.95115865
43.00053008,43.007118265454544,43.001036302899614,43.00016249750594,43.007118265454544,43.00053008
43.05079203,43.05805599,43.051378731476035,43.05048704664347,43.05805599,43.05079203
43.10209893,43.11044700363636,43.1030730266502,43.102393678927854,43.11044700363636,43.10209893
43.15550069,43.16429355090909,43.15652168482041,43.156026943333444,43.16429355090909,43.15550069
43.21100776,43.21968644181818,43.21190322283123,43.211324286456986,43.219686441818176,43.21100776
43.26822327,43.27663573727273,43.269141643924726,43.26832051850827,43.27663573727273,43.26822327
43.32741417,43.33512410636364,43.32806511098591,43.32708318328683,43.33512410636364,43.32741417
43.38780289,43.39520007090909,43.38842979390399,43.38751447242436,43.39520007090909,43.38780289
43.44935071,43.45689824090909,43.450183392508336,43.44943890885793,43.45689824090909,43.44935071
43.51267168,43.52015378272728,43.51346823281246,43.51280820825186,43.52015378272728,43.51267168
43.5776009,43.58492804454546,43.57830727039885,43.57759764361317,43.58492804454546,43.5776009
43.64390214,43.65121922090909,43.64461180126965,43.64379349386958,43.65121922090909,43.64390214
43.71162764,43.71898490454545,43.71233860567702,43.711500303846265,43.718984904545444,43.71162764
43.7807788,43.788259567272725,43.78149296732589,43.78072059093252,43.78825956727273,43.7807788
43.85131165,43.85907898,43.852131320534234,43.85141953897447,43.85907898,43.85131165
43.92352464,43.931421843636365,43.92435500561577,43.92364529771574,43.931421843636365,43.92352464
43.99742621,44.00528779363636,43.99819733656395,43.99743953990688,44.00528779363637,43.99742621
44.07283669,44.080697502727276,44.07361970379721,44.072815556107344,44.08069750272727,44.07283669
44.14982418,44.15766453545455,44.150601209860874,44.149785013892895,44.15766453545454,44.14982418
44.22836425,44.23620344727272,44.229139148800385,44.22834385624721,44.23620344727272,44.22836425
44.30844318,44.31633399454545,44.309240464339595,44.3084606229838,44.31633399454545,44.30844318
44.39012635,44.39804888181818,44.3909243671839,44.390141117016434,44.398048881818184,44.39012635
44.47340894,44.48137931545455,44.474198358684376,44.47337095881131,44.48137931545455,44.47340894
44.558265,44.56637731181818,44.559058138808986,44.55815626053625,44.56637731181818,44.558265
44.64470683,44.65307081090909,44.64550753493579,44.64456676568776,44.65307081090909,44.64470683
44.73274767,44.74150171272727,44.733577118561605,44.732665219370745,44.74150171272727,44.73274767
44.8223884,44.83169198545455,44.82337731818598,44.822542705617835,44.83169198545455,44.8223884
44.91406098,44.923657355454544,44.91508327328087,44.91427889170175,44.923657355454544,44.91406098
45.00781465,45.01743559545454,45.00877759119601,45.007910845105016,45.01743559545454,45.00781465
45.10345267,45.113063485454546,45.10443571091656,45.10347176121225,45.113063485454546,45.10345267
45.20110417,45.210550634545456,45.20201061460806,45.20100254701644,45.210550634545456,45.20110417
45.30053618,45.309906906363636,45.30144209793611,45.300488997855595,45.309906906363636,45.30053618
45.40174542,45.41115341818182,45.40273284324149,45.40185128449895,45.41115341818182,45.40174542
45.50496958,45.514266549999995,45.50594054269402,45.50506158519826,45.51426655,45.50496958
45.61017179,45.61924074181819,45.61103887560617,45.61009077666679,45.61924074181818,45.61017179
45.71706547,45.72609076818182,45.71792775813294,45.716914319114345,45.72609076818182,45.71706547
45.82566666,45.83480475909091,45.82657132826223,45.825571842191266,45.834804759090915,45.82566666
45.93610003,45.94539796090909,45.937006526380436,45.93606967466212,45.94539796090909,45.93610003
46.04830543,46.05625955636364,46.04929980851158,46.0499108999535,46.05625955636364,46.04830543
46.16253076,46.16558903090909,46.16353784044868,46.166919395477976,46.16558903090908,46.16253076
46.27880296,46.27235452090909,46.27967299293841,46.28457509829849,46.27235452090909,46.27880296
46.39695807,46.37507681636364,46.396702338859846,46.40044357149196,46.37507681636364,46.39695807
46.5170614,46.47320366,46.51022275211328,46.510621147296156,46.473203659999996,46.5170614
46.62122297,46.56620414363636,46.6130896679612,46.61203775412599,46.56620414363636,46.62122297
46.7075938,46.652655187272735,46.70204052362493,46.703474676433686,46.65265518727272,46.7075938
46.78459218,46.731276281818175,46.7783123245657,46.78374017937075,46.731276281818175,46.78459218
46.84701072,46.801957745454544,46.844132540242484,46.851284982167954,46.801957745454544,46.84701072
46.90506194,46.864569240909084,46.90232292145564,46.90696381188823,46.8645692409091,46.90506194
46.95910535,46.91849442,46.95301987144037,46.95445660519826,46.91849442,46.95910535
46.99926691,46.96501057454545,46.994034474374345,46.99525933142204,46.96501057454545,46.99926691
47.0273628,47.00460051909091,47.02684477706896,47.03097770289057,47.00460051909091,47.0273628
47.05629906,47.03689871909091,47.056140694100634,47.06297490673672,47.036898719090914,47.05629906
47.08568452,47.06269362909091,47.083777314139844,47.08983228363648,47.06269362909091,47.08568452
47.11023837,47.081610049090905,47.10839347383596,47.11155562717961,47.081610049090905,47.11023837
47.13290067,47.09434784181818,47.12734207799952,47.12731921792553,47.09434784181818,47.11023837
47.14308319,47.10267160909091,47.136998638459715,47.13559220349663,47.10267160909091,47.11023837
47.13987238,47.10747491181819,47.13629799704508,47.13594150657355,47.10747491181819,47.11023837
47.13075473,47.108800836363635,47.12748529273191,47.129442795454665,47.108800836363635,47.11023837
47.11314256,47.1062237109091,47.114257593122666,47.118722166037415,47.1062237109091,47.11023837
47.09922107,47.09973963727273,47.101289191236106,47.10585501291388,47.09973963727273,47.09922107
47.09082835,47.08961330727273,47.090443251626326,47.09280314200478,47.08961330727273,47.09082835
47.08019913,47.07696715454545,47.080271690882576,47.08020131456888,47.07696715454545,47.08019913
47.07088423,47.061922059090904,47.06911401352713,47.068520765151646,47.061922059090904,47.07088423
47.05733614,47.04389464272727,47.055363165679054,47.05719401731947,47.04389464272727,47.05733614
47.03891356,47.022988545454545,47.0388896833793,47.0431150806528,47.022988545454545,47.03891356
47.02151104,46.99792335545454,47.02068151155569,47.02472395638708,46.99792335545454,47.02151104
47.00397551,46.96801793909091,46.99876691166587,47.00035017172506,46.96801793909091,47.00397551
46.97437633,46.93334413636364,46.968614881990035,46.96833079778567,46.93334413636364,46.97437633
46.93245315,46.89303675818181,46.92827426678478,46.92907360340338,46.89303675818182,46.93245315
46.88317549,46.846900979090904,46.87873725661199,46.88221771417261,46.84690097909092,46.88317549
46.82350398,46.79602135363636,46.82196482696724,46.826273346177274,46.79602135363637,46.82350398
46.76186877,46.74099668363636,46.76062054803885,46.762450815804314,46.74099668363636,46.76186877
46.6987873,46.68207172636364,46.69533190417171,46.6943082701866,46.68207172636364,46.6987873
46.62750307,46.620907630909095,46.62513992412457,46.62387798766912,46.620907630909095,46.62750307
46.54984257,46.55833317363636,46.55246128541186,46.55375075300712,46.558333173636356,46.54984257
46.47923768,46.49469995727273,46.48261089967786,46.4859653552915,46.49469995727273,46.47923768
46.41623967,46.43135923090909,46.41806149516477,46.420129732890565,46.43135923090909,46.41623967
46.35580098,46.368730774545455,46.35803970342302,46.356957950769356,46.368730774545455,46.35580098
46.30157128,46.30652342,46.30061111581837,46.297792523496625,46.306523420000005,46.30157128
46.24413412,46.24509963272727,46.242986909283616,46.24161696104907,46.245099632727275,46.24413412
46.18321011,46.18487473181818,46.184746836893375,46.185807133566556,46.18487473181818,46.18321011
46.12675599,46.12489398363636,46.12767319545052,46.129368969767015,46.12489398363636,46.12675599
46.07295575,46.064752026363635,46.071177219578054,46.07127206983695,46.064752026363635,46.07295575
46.0145064,46.00454237454545,46.01256162713436,46.010798563240215,46.00454237454546,46.0145064
45.95184141,45.94361480363636,45.95069284021474,45.94919048720292,45.943614803636365,45.95184141
45.88736866,45.88231698909091,45.88619593636409,45.88642065051294,45.88231698909091,45.88736866
45.81944945,45.819969109999995,45.82059012314212,45.82313732107238,45.81996911,45.81944945
45.75467814,45.75502672727273,45.75610778887221,45.760223432167955,45.75502672727273,45.75467814
45.69349481,45.68671399454546,45.693378628090805,45.697252952937184,45.68671399454545,45.69349481
45.631368,45.61461145818182,45.63079669655639,45.632985125897555,45.61461145818181,45.631368
45.56985816,45.53877741818182,45.565083415676334,45.56498189114231,45.538777418181816,45.56985816
45.49738344,45.459092047272726,45.49172220459887,45.4912363969232,45.459092047272726,45.49738344
45.41238978,45.37505049272727,45.408803805055726,45.410242115221564,45.375050492727276,45.41238978
45.32151569,45.28564774181818,45.317471394602364,45.32132092561784,45.28564774181819,45.32151569
45.2213785,45.19074756636364,45.21922163187691,45.223813667179606,45.19074756636364,45.2213785
45.11766697,45.09062784454546,45.11565303850561,45.11823544477867,45.09062784454545,45.11766697
45.01082958,44.985045716363636,45.00684956776377,45.00727040913765,44.985045716363636,45.01082958
44.89499235,44.87503314636364,44.891673056187564,44.89215741687657,44.875033146363634,44.89499235
44.77124788,44.76108442090909,44.77158907609396,44.77421224212132,44.7610844209091,44.77124788
44.64959288,44.64304074727273,44.65032625642969,44.65470094878799,44.64304074727273,44.64959288
44.53005106,44.52156843090909,44.529436179535345,44.53301254174838,44.52156843090909,44.53005106
44.40845475,44.39666122090909,44.407991525194845,44.40932982219125,44.39666122090909,44.40845475
44.28724517,44.270440572727274,44.284191897979504,44.28188448123555,44.270440572727274,44.28724517
44.1589538,44.145839541818184,44.15559597403443,44.1499330390211,44.145839541818184,44.1589538
44.02303528,44.02456453363636,44.0216838271424,44.0154178074127,44.02456453363636,44.02303528
43.88518302,43.90805707090909,43.885087996001765,43.88133338034976,43.90805707090909,43.88518302
43.74368766,43.79663461,43.752324588167944,43.75306122188823,43.79663461,43.74368766
43.62240245,43.69094153909091,43.632899145744844,43.634832385477964,43.69094153909091,43.62240245
43.52438101,43.59255243818182,43.53106163010107,43.52924514878799,43.59255243818182,43.52438101
43.43722279,43.503524466363636,43.44493160516996,43.43794173955722,43.503524466363636,43.43722279
43.36801079,43.424213676363635,43.37164340210465,43.36274970829848,43.424213676363635,43.36801079
43.30440399,43.35448739090909,43.307868578307705,43.30273252634044,43.35448739090909,43.30440399
43.24583097,43.29511475363636,43.25358556390227,43.25276156121223,43.29511475363636,43.24583097
43.20496506,43.24428920636364,43.211515524360394,43.21063964027984,43.24428920636364,43.20496506
43.17964611,43.201303259090906,43.17917183241234,43.17398937412599,43.201303259090906,43.17964611
43.15061659,43.16669706727273,43.14953149878824,43.14064905958054,43.16669706727273,43.15061659
43.11819388,43.139369317272724,43.11981298894495,43.112278816107334,43.13936931727273,43.11819388
43.09058865,43.11967429636364,43.09205917935955,43.08879514263415,43.119674296363634,43.09058865
43.06332143,43.10672315,43.0700888314262,43.07116855128217,43.10672315,43.09058865
43.05153559,43.09825739636364,43.05904366951432,43.06156661279732,43.098257396363636,43.09058865
43.05655468,43.09308313636364,43.06039007047704,43.06110240932412,43.09308313636364,43.09058865
43.06740554,43.09137424181818,43.07097917876631,43.068616274568875,43.09137424181818,43.09058865
43.08775876,43.09382060454545,43.086223633249865,43.08091812622389,43.093820604545456,43.09058865
43.10336836,43.10043711909091,43.10066255170156,43.09553103144533,43.100437119090905,43.10336836
43.11184177,43.11103591090909,43.11215420222017,43.10977792454557,43.11103591090909,43.11184177
43.12272925,43.12416573636363,43.122482295552366,43.12289000559452,43.12416573636364,43.12272925
43.13181875,43.139608325454546,43.13354865991171,43.13440400703974,43.139608325454546,43.13181875
43.14510387,43.158178921818184,43.14706368321499,43.144903956783324,43.15817892181818,43.14510387
43.16337031,43.179783429090904,43.16311536144317,43.15812683701643,43.179783429090904,43.16337031
43.17990814,43.20596922272727,43.18062934894006,43.175993894172606,43.205969222727276,43.17990814
43.19596367,43.23756121636364,43.20214350220594,43.20057771729615,43.23756121636364,43.19596367
43.22642316,43.27445696727273,43.233309472335506,43.23397865130547,43.27445696727273,43.22642316
43.2716821,43.317697110000005,43.27655236588489,43.27581647048963,43.31769711,43.2716821
43.32540834,43.36757396818182,43.3306120113708,43.326549881818295,43.367573968181816,43.32540834
43.39141209,43.42243411,43.3930634567983,43.388320734359084,43.42243411,43.39141209
43.4593537,43.48113582727273,43.460646948254144,43.45960600314697,43.48113582727273,43.4593537
43.52858251,43.5431639,43.53258972824837,43.535425795804315,43.543163899999996,43.52858251
43.60746032,43.606134364545454,43.6098696617324,43.61273053832179,43.606134364545454,43.60746032
43.69374931,43.66889488545455,43.688524951695804,43.68747415713298,43.66889488545455,43.69374931
43.76683187,43.73090843909091,43.76039061133602,43.756454258438346,43.7309084390909,43.76683187
43.82562703,43.79019697272727,43.82168746306158,43.81989240920757,43.79019697272727,43.82562703
43.87827247,43.845964493636366,43.87365963314101,43.87665068897448,43.845964493636366,43.87827247
43.91909827,43.89855370545455,43.91920866676253,43.924733812098026,43.89855370545455,43.91909827
43.96204783,43.947490857272726,43.96242587521391,43.96560047125886,43.947490857272726,43.96204783
44.00755743,43.99213079454545,44.00387169039668,44.003323095827625,43.99213079454545,44.00755743
44.04358596,44.03394620727273,44.040858969426786,44.03946821752926,44.03394620727273,44.04358596
44.07279643,44.073555016363635,44.074443147374964,44.07566764328683,44.073555016363635,44.07279643
44.10706384,44.11076832090909,44.10899773463119,44.113115017762354,44.110768320909095,44.10706384
44.14576899,44.14657261363636,44.14633996918001,44.1499630759908,44.146572613636366,44.14576899
44.18478862,44.18046015181818,44.18540626553897,44.186253278508275,44.18046015181819,44.18478862
44.22680141,44.213418377272724,44.22374245978194,44.22102283076935,44.21341837727273,44.22680141
44.26132393,44.247740279999995,44.25779539728927,44.25284733676003,44.24774028,44.26132393
44.28761882,44.28458108818182,44.28655759152547,44.282147053100346,44.28458108818182,44.28761882
44.31294549,44.324465035454544,44.31250925436067,44.31068220305373,44.32446503545455,44.31294549
44.33481075,44.367229460000004,44.34049389766566,44.34202334566446,44.367229460000004,44.33481075
44.37009791,44.41302412272727,44.37708117002471,44.3790939299535,44.41302412272727,44.37009791
44.42112689,44.46252770181818,44.42502540070651,44.42418744715629,44.462527701818175,44.42112689
44.47804532,44.517227816363636,44.48260949372324,44.478280227319466,44.51722781636363,44.47804532
44.54578726,44.57732572181818,44.54763985384566,44.54228637706305,44.577325721818184,44.54578726
44.61617766,44.642355214545454,44.61781319635676,44.615456936806645,44.642355214545454,44.61617766
44.68852991,44.71264182181818,44.69300495600958,44.69382224093252,44.71264182181819,44.68852991
44.77134078,44.78664352909091,44.774831021423736,44.77552459331014,44.78664352909091,44.77134078
44.86302519,44.86360932454546,44.86106265832533,44.858587854265856,44.86360932454546,44.86302519
44.94869578,44.94375553818182,44.94613260589551,44.941097051119,44.94375553818182,44.94869578
45.02826991,45.02608027363636,45.02771296438559,45.02389400393951,45.02608027363636,45.02826991
45.10796343,45.11055244,45.107165699295756,45.10668005421924,45.11055244,45.10796343
45.18411669,45.195816344545456,45.18713633908243,45.19037584874138,45.195816344545456,45.18411669
45.26775064,45.279518134545455,45.27121202479637,45.27630089655024,45.279518134545455,45.26775064
45.35965367,45.36026119454545,45.36022257046442,45.36445059139872,45.36026119454545,45.35965367
45.45135935,45.437578349090906,45.45133305295536,45.45311807601411,45.437578349090906,45.45135935
45.54537149,45.51162393636364,45.53979781298929,45.53868978834511,45.51162393636364,45.54537149
45.62643286,45.582026512727275,45.61954614734749,45.61832773219126,45.582026512727275,45.62643286
45.69206047,45.64804896454545,45.6879359720329,45.68950315440571,45.64804896454546,45.69206047
45.75119885,45.70805567,45.746358148866754,45.751105466969825,45.70805567,45.75119885
45.79918448,45.76162182,45.796538900626715,45.80216146277401,45.76162182,45.79918448
45.84277137,45.80908901090909,45.84021089429287,45.84307765543136,45.80908901090909,45.84277137
45.88239177,45.84999896363637,45.8772334338207,45.877314877972154,45.84999896363636,45.88239177
45.91036366,45.88558444727273,45.906027488665366,45.90644339284395,45.88558444727273,45.91036366
45.9278244,45.91634023909091,45.92862478833534,45.932179412401055,45.916340239090914,45.9278244
45.94888132,45.94186137454546,45.950181438219566,45.95619518550129,45.94186137454546,45.94888132
45.97349845,45.96288296363636,45.97273438121817,45.97761990792553,45.96288296363637,45.97349845
45.99538097,45.97929387,45.9947630237013,45.99656056860152,45.97929387,45.99538097
46.01787318,45.99161434545454,46.01355714565158,46.01249436678334,45.99161434545454,46.01787318
46.03037418,46.001196641818176,46.02554315131368,46.02391109554791,46.00119664181818,46.01787318
46.03193134,46.008795703636366,46.02972959927055,46.02962004547797,46.008795703636366,46.01787318
46.03042196,46.01408697,46.02825614286506,46.03011362617728,46.01408697,46.01787318
46.02329134,46.01650962181818,46.023752429547514,46.02715384594418,46.01650962181819,46.01787318
46.017917,46.016033697272725,46.01903506888833,46.02206318060618,46.016033697272725,46.01787318
46.01576892,46.01262420818182,46.015166663444695,46.016597290932516,46.01262420818181,46.01576892
46.01141408,46.007159144545454,46.01111992429946,46.01116918335677,46.007159144545454,46.01141408
46.00708525,45.99981542818181,46.005935052507574,46.005920284825294,45.99981542818182,46.00708525
46.00014762,45.990025881818184,45.99887909236864,46.000613891375416,45.990025881818184,46.00014762
45.9901458,45.97780012454545,45.98995677629727,45.993194324195926,45.97780012454546,45.9901458
45.9803688,45.962273138181814,45.97963324086078,45.982555989114346,45.96227313818182,45.9803688
45.97025848,45.94297637818182,45.96634905245509,45.96749267503509,45.94297637818182,45.97025848
45.95115046,45.919968894545455,45.94680877027964,45.94674770631714,45.919968894545455,45.95115046
45.92273695,45.89266959636364,45.91959929534608,45.92041046652693,45.89266959636364,45.92273695
45.88880801,45.86085057181818,45.88546130738927,45.88819417892786,45.86085057181818,45.88880801
45.84712015,45.82575337454546,45.84577164094329,45.84856582081597,45.82575337454546,45.84712015
45.80350456,45.78841118909091,45.80235351851169,45.80241215447565,45.78841118909091,45.80350456
45.75833176,45.74931495727273,45.755635003965594,45.75313925680665,45.74931495727273,45.75833176
45.70679297,45.71014008090909,45.70524690568721,45.70300568172506,45.7101400809091,45.70679297
45.65013835,45.67165878909091,45.65439647433643,45.65514002965047,45.671658789090905,45.65013835
45.60407663,45.634266915454546,45.60930290930297,45.61202942384628,45.63426691545454,45.60407663
45.56960476,45.599385546363635,45.57282312944371,45.57379164962716,45.59938554636364,45.56960476
45.54019993,45.56772888,45.543951935582285,45.541315503310145,45.56772888,45.54019993
45.52022682,45.539105524545455,45.5205182796839,45.51605927897448,45.53910552454545,45.52022682
45.49944274,45.513799782727276,45.499539503189055,45.49697868960385,45.51379978272727,45.49944274
45.4774974,45.49229764454546,45.48064293154684,45.48092151669009,45.49229764454545,45.4774974
45.46342509,45.473458561818184,45.46582740678607,45.46664923757588,45.473458561818184,45.46342509
45.45528123,45.45680287818181,45.454156698907106,45.45286591780898,45.45680287818181,45.45528123
45.44347485,45.44249837818182,45.442100159258025,45.438577199510604,45.44249837818182,45.44347485
45.42842981,45.42978998454546,45.428199301033686,45.42513316426586,45.42978998454545,45.42842981
45.41361483,45.41903253181818,45.413335215360085,45.412490473426686,45.41903253181818,45.41361483
45.39684672,45.40950451818182,45.399463651686155,45.40134664603741,45.40950451818182,45.39684672
45.38639224,45.39950584363636,45.38938176940381,45.3928302625176,45.39950584363636,45.38639224
45.38285043,45.38817128090909,45.38387809099582,45.38679177741271,45.38817128090909,45.38285043
45.38043449,45.375182653636365,45.38103702952529,45.38198952216795,45.375182653636365,45.38111076
45.38111076,45.36070942818182,45.377300069571305,45.37582233867145,45.36070942818182,45.38043449
45.37268925,45.344652133636366,45.36792832914224,45.36617125787891,45.344652133636366,45.37268925
45.35343967,45.32655645545454,45.35094692205311,45.35128984438241,45.32655645545454,45.35343967
45.33060104,45.30531884,45.32762419606209,45.33047196132878,45.30531884,45.33060104
45.30059995,45.280780017272726,45.299540267837145,45.303084836270514,45.280780017272726,45.30059995
45.26922433,45.25331472727273,45.268322418308614,45.26965519836841,45.25331472727272,45.26922433
45.23698459,45.22269973727273,45.23405037503854,45.233081386806646,45.22269973727273,45.23698459
45.19779426,45.19006645909091,45.195582293179804,45.19473415477867,45.190066459090914,45.19779426
45.15277847,45.155969794545456,45.15458998542992,45.15607491296049,45.15596979454545,45.15277847
45.11292338,45.12025426272727,45.11518604975612,45.11853024233112,45.12025426272727,45.11292338
45.0783163,45.08365585,45.07909221601299,45.081521258508275,45.08365585000001,45.0783163
45.04434587,45.04621819909091,45.04530574959486,45.045277986853264,45.04621819909091,45.04434587
45.01372319,45.008322548181816,45.01188911887682,45.009708556457,45.008322548181816,45.01372319
44.97837636,44.971004868181815,44.9762207937671,44.97376992132879,44.971004868181815,44.97837636
44.93773019,44.93489969181818,44.93767242440218,44.936464425617835,44.93489969181818,44.93773019
44.89801741,44.89977001636363,44.897957194970544,44.89809763757587,44.89977001636364,44.89801741
44.85741017,44.86528436272727,44.858855472955035,44.8598124213521,44.86528436272727,44.85741017
44.82013243,44.83151479,44.82204132042735,44.82250098358986,44.83151479,44.82013243
44.78729978,44.79844932545455,44.788185772285686,44.78756193058287,44.79844932545455,44.78729978
44.75562153,44.76679914090909,44.75675342294931,44.75535246386958,44.76679914090909,44.75562153
44.72649695,44.73684096181818,44.72735321166569,44.725985791888235,44.73684096181818,44.72649695
44.69897411,44.70827359727272,44.69982530115492,44.69950525345,44.70827359727272,44.69897411
44.67288057,44.68119724636364,44.674333944456635,44.67480728902109,44.68119724636363,44.67288057
44.65000308,44.65520873909091,44.65118692786288,44.65132416729615,44.65520873909091,44.65000308
44.63022433,44.63013780090909,44.629465493644965,44.62842241151526,44.63013780090909,44.63022433
44.60819022,44.60614515363636,44.6072051406951,44.60540548825186,44.60614515363636,44.60819022
44.5837764,44.58300287272727,44.58363381516234,44.5823611822845,44.58300287272727,44.5837764
44.55957031,44.560649184545454,44.5593462986887,44.559217178484964,44.56064918454546,44.55957031
44.53425885,44.53897676727273,44.535310484672316,44.5360424811423,44.53897676727273,44.53425885
44.51151946,44.51768304,44.512747434373644,44.51335585526819,44.51768304,44.51151946
44.49170241,44.496564717272726,44.49197564595762,44.49187018032646,44.49656471727273,44.49170241
44.47193186,44.47588212363637,44.47229972499421,44.47164685358986,44.47588212363637,44.47193186
44.45308354,44.45588689,44.453230035753975,44.45241645643368,44.455886889999995,44.45308354
44.43448398,44.43660355,44.434520682362326,44.434019357459334,44.43660355,44.43448398
44.41577208,44.418165300000005,44.416120444347236,44.415932601049064,44.418165300000005,44.41577208
44.39792278,44.40036787727273,44.398224974711994,44.398103922028085,44.40036787727272,44.39792278
44.38068169,44.38313256727273,44.380897397815815,44.380617198624826,44.383132567272725,44.38068169
44.36382883,44.36665386727273,44.36405469094083,44.36342959489522,44.366653867272724,44.36382883
44.34745357,44.35096952545455,44.34764712926424,44.34684745097914,44.35096952545455,44.34745357
44.3314381,44.33622132909091,44.331722024886275,44.331080750885896,44.33622132909091,44.3314381
44.31574781,44.32249284636364,44.3166630977829,44.316370628181936,44.32249284636364,44.31574781
44.302114,44.30977294818182,44.303134141708185,44.30299820400944,44.30977294818182,44.302114
44.29066616,44.29815637,44.291419027393495,44.291061137482636,44.29815637000001,44.29066616
44.28055578,44.28773931272727,44.2813635984537,44.280634182424365,44.28773931272727,44.28055578
44.27225382,44.278020240000004,44.272723143177735,44.27228295247099,44.278020240000004,44.27225382
44.26475877,44.268460013636364,44.265198288363834,44.265828863053734,44.268460013636364,44.26475877
44.2580039,44.25878758090909,44.258722168706605,44.26013262986026,44.25878758090909,44.2580039
44.25289933,44.24840783545454,44.253188156773426,44.25430595305373,44.24840783545455,44.25289933
44.2492412,44.23707448363636,44.24714179177633,44.247024565338116,44.23707448363636,44.2492412
44.24054377,44.22463258545454,44.23801618201793,44.237228772051395,44.22463258545455,44.24054377
44.22627561,44.21055400545455,44.22464677046781,44.22467242212133,44.210554005454554,44.22627561
44.20935105,44.19446931818182,44.20748741961186,44.208973017249534,44.19446931818182,44.20935105
44.1879368,44.176409174545455,44.187406675861425,44.1895705046155,44.176409174545455,44.1879368
44.16599929,44.15630853818182,44.1655429417283,44.16684938282063,44.15630853818181,44.16599929
44.1436949,44.13397016272727,44.142012222233404,44.14214469372972,44.13397016272727,44.1436949
44.11738944,44.10987723818182,44.116022190366195,44.11599837233112,44.109877238181824,44.11738944
44.08782721,44.08423341181818,44.08805000883716,44.08898143897448,44.08423341181818,44.08782721
44.05934232,44.05695253181818,44.05968979603843,44.06156252261084,44.056952531818176,44.05934232
44.03179233,44.028348315454544,44.031594256312694,44.03322323806539,44.028348315454544,44.03179233
44.00351907,43.99829585727273,44.003350384858265,44.00398913559452,43.99829585727272,44.00351907
43.9755216,43.967071829090905,43.97409098541417,43.973596153566554,43.967071829090905,43.9755216
43.94419352,43.93534590090909,43.94259862030454,43.9415480499768,43.9353459009091,43.94419352
43.90926137,43.90346485909091,43.908532861788004,43.90778923566445,43.90346485909092,43.90926137
43.87329042,43.871504061818186,43.87270233424908,43.87276408687657,43.87150406181818,43.87329042
43.83542225,43.83936186181818,43.83648631424665,43.83746507347331,43.83936186181818,43.83542225
43.80023059,43.807068946363636,43.801659339534254,43.80269280720292,43.80706894636364,43.80023059
43.76840423,43.774769589090916,43.7689520901996,43.76916760354324,43.77476958909091,43.76840423
43.73713575,43.74289877181818,43.73786757544438,43.73715490293718,43.74289877181818,43.73713575
43.70777355,43.711525924545455,43.70781513655788,43.70687207058287,43.711525924545455,43.70777355
43.67822813,43.68048243909091,43.678209561948485,43.678131188974476,43.68048243909091,43.67822813
43.648297,43.64984313090909,43.64902790553555,43.64982099652692,43.64984313090909,43.648297
43.62022867,43.619169976363644,43.620680252309334,43.62140540433579,43.619169976363644,43.62022867
43.59361453,43.58824519272727,43.59249355156117,43.59231056813532,43.58824519272727,43.59361453
43.56416005,43.557126192727274,43.56285693373556,43.56196897967378,43.55712619272727,43.56416005
43.53181208,43.525527271818184,43.5310943008054,43.530576538018764,43.525527271818184,43.53181208
43.49838986,43.49341631727273,43.49759552377592,43.498036102587534,43.493416317272725,43.49838986
43.46282589,43.461293295454546,43.46310707265388,43.46377244662016,43.461293295454546,43.46282589
43.42823161,43.429481938181816,43.42863539136661,43.42827056685326,43.42948193818182,43.42823161
43.39482675,43.398148355454545,43.39444731041155,43.39296284310035,43.398148355454545,43.39482675
43.36018542,43.367992223636364,43.360267250554095,43.35872317223788,43.36799222363636,43.36018542
43.32500763,43.33937159818182,43.32718766375852,43.32669049969708,43.33937159818181,43.32500763
43.29494376,43.312471753636366,43.297468309658285,43.29776580678333,43.312471753636366,43.29494376
43.27030374,43.28787807545455,43.27217684983589,43.27188849270408,43.28787807545455,43.27030374
43.24894512,43.26582939,43.25101676925836,43.24940181214464,43.26582939,43.24894512
43.2324426,43.24625807636364,43.23322787559821,43.23089294734278,43.24625807636364,43.2324426
43.2169852,43.22933597363636,43.217714076535984,43.21599142212133,43.22933597363636,43.2169852
43.20249157,43.21527372272727,43.20435124153637,43.20362669685326,43.21527372272727,43.20249157
43.19229543,43.20370627818182,43.19391196748706,43.1934102509092,43.20370627818182,43.19229543
43.18569607,43.19450111454545,43.186155950371536,43.18493542433578,43.19450111454545,43.18569607
43.1795423,43.18774156727273,43.17994418903762,43.17791975072272,43.187741567272724,43.1795423
43.17404229,43.18319318090909,43.174822727587205,43.1729078215852,43.18319318090909,43.1795423
43.17032287,43.18103233909091,43.171109216263844,43.16992395237774,43.18103233909091,43.1795423
43.16770187,43.18101522818181,43.169499341915454,43.16927443820525,43.18101522818181,43.1795423
43.16904694,43.18253962090909,43.1709883385417,43.1713774237064,43.18253962090909,43.1795423
43.1745901,43.18531968272727,43.17588333288259,43.17612653237774,43.185319682727275,43.1795423
43.18241035,43.189233415454545,43.183541153817906,43.18305734027983,43.189233415454545,43.18241035
43.19321594,43.194353149090915,43.19264582910114,43.191204252354424,43.19435314909091,43.19321594
43.20230335,43.20066917363636,43.201387086430636,43.199782271771674,43.20066917363636,43.20230335
43.20906375,43.208019437272725,43.20902385810408,43.208195693916196,43.208019437272725,43.20906375
43.21627675,43.216024988181815,43.216067578021864,43.2162045990211,43.216024988181815,43.21627675
43.22259336,43.22466562727273,43.22316838242411,43.22358215652692,43.22466562727272,43.22259336
43.23035936,43.234100628181814,43.231012116414455,43.230574691002445,43.23410062818182,43.23035936
43.23979914,43.24427098909091,43.23966928811434,43.238325616713404,43.24427098909091,43.23979914
43.24855477,43.25564087,43.248716729505524,43.24738612419592,43.25564087,43.24855477
43.257108,43.26845315,43.25880494839645,43.25834006456888,43.26845315,43.257108
43.26963713,43.28268106818182,43.27151714372555,43.27175255431247,43.282681068181816,43.26963713
43.28619536,43.298638056363636,43.28753480737068,43.287417065804306,43.298638056363636,43.28619536
43.30508991,43.316363758181815,43.30651247793396,43.305449364359085,43.31636375818182,43.30508991
43.32737204,43.33562133818182,43.32774554474031,43.326223224545565,43.335621338181824,43.32737204
43.34999883,43.35638773181818,43.3502646020109,43.3493151815852,43.35638773181818,43.34999883
43.37278385,43.37867412909091,43.373838878891945,43.37373708864813,43.37867412909091,43.37278385
43.39812023,43.40204489909091,43.39890500115056,43.399023067272836,43.40204489909091,43.39812023
43.42534208,43.42626081818182,43.42507473030818,43.42465982645699,43.42626081818182,43.42534208
43.45163252,43.45124095181818,43.45123296792782,43.450249970116666,43.451240951818185,43.45163252
43.4769851,43.47664922181818,43.47684794456709,43.476055361794984,43.476649221818185,43.4769851
43.50225837,43.50246567818182,43.502047126072604,43.50194081174837,43.502465678181814,43.50225837
43.5267156,43.52879572727273,43.527261965406296,43.527587091958154,43.52879572727273,43.5267156
43.55257047,43.55551631,43.553162298379725,43.55325020848497,43.55551631,43.55257047
43.57987138,43.58253768363636,43.57987109361545,43.579450556480296,43.58253768363636,43.57987138
43.60686301,43.61004941363637,43.60698510574765,43.6063693374127,43.61004941363637,43.60686301
43.63397985,43.63813190636364,43.63454603644614,43.63419046848497,43.63813190636363,43.63397985
43.66241439,43.66678132545455,43.662996263712074,43.66301226717961,43.666781325454544,43.66241439
43.69204664,43.69613272818182,43.69252814383262,43.69253927701643,43.69613272818182,43.69204664
43.72257719,43.72609405909091,43.72305572146795,43.72277071771573,43.72609405909091,43.72257719
43.75426155,43.75682752545455,43.754315031260155,43.75354946566445,43.756827525454554,43.75426155
43.78589252,43.78868668454545,43.78589510843629,43.78471827533811,43.78868668454545,43.78589252
43.81740198,43.821844139090906,43.81767783772454,43.816473304708744,43.821844139090906,43.81740198
43.84958103,43.85643907363636,43.849984360374584,43.849137065594526,43.85643907363636,43.84958103
43.88214511,43.89248844272727,43.88358414273706,43.883295087249536,43.89248844272727,43.88214511
43.91793951,43.930027233636366,43.91958971047099,43.9194359508859,43.930027233636366,43.91793951
43.95731376,43.96920101,43.95847864008757,43.9578766962472,43.96920101,43.95731376
43.99871185,44.01023968636363,43.99998749114191,43.99878363519825,44.01023968636363,43.99871185
44.04295867,44.05316896090909,44.04374693815028,44.04233522291387,44.05316896090909,44.04295867
44.0885897,44.09794361454545,44.08934370807138,44.08839711559452,44.09794361454545,44.0885897
44.13550389,44.14463076,44.136751616586494,44.1363295415852,44.14463076,44.13550389
44.18517309,44.192988081818186,44.18626539402181,44.18584612529149,44.192988081818186,44.18517309
44.23731796,44.24290212818182,44.2375626023924,44.23664466151527,44.24290212818182,44.23731796
44.289624,44.29441280454545,44.28978289788725,44.28844065000012,44.29441280454545,44.289624
44.34210222,44.347364387272734,44.34256989015325,44.34140174426585,44.34736438727273,44.34210222
44.39570371,44.40177142272727,44.39614035563997,44.39549203671341,44.40177142272727,44.39570371
44.44987005,44.45686632454545,44.45092075322265,44.451386880023435,44.45686632454545,44.44987005
44.50636827,44.511654107272726,44.50749266839491,44.50923037825187,44.51165410727273,44.50636827
44.56532929,44.56556266636364,44.56597220554164,44.56812244771574,44.56556266636364,44.56532929
44.62542608,44.617997395454545,44.625579577829036,44.626940459906876,44.617997395454545,44.62542608
44.68706709,44.66878841090909,44.68402867642034,44.68375182944068,44.668788410909094,44.68706709
44.74154781,44.71769763363637,44.737851126801026,44.737034889463985,44.71769763363636,44.74154781
44.7878387,44.764111536363636,44.78548658574817,44.785977724708744,44.76411153636363,44.7878387
44.83031211,44.80733130181818,44.82759508591057,44.82999311965047,44.80733130181818,44.83031211
44.86640602,44.847259740909095,44.86524173072305,44.86838671025653,44.847259740909095,44.86640602
44.90080339,44.883907617272726,44.89970522675076,44.90153270724954,44.883907617272726,44.90080339
44.93370516,44.91699127727273,44.93101997094582,44.9312770290211,44.91699127727273,44.93370516
44.96042298,44.94716037454546,44.958170206501734,44.9583979478556,44.947160374545454,44.96042298
44.98178569,44.974669101818186,44.98199655915738,44.98373431475537,44.974669101818186,44.98178569
45.00454212,44.99933199545455,45.0049599947939,45.00803204172506,44.99933199545455,45.00454212
45.02855272,45.021548477272724,45.02803748388264,45.03065799102576,45.021548477272724,45.02855272
45.05098735,45.041173659090916,45.050519555786686,45.05163664743601,45.041173659090916,45.05098735
45.07340788,45.05853986272727,45.071057214241094,45.07060285188823,45.05853986272727,45.07340788
45.0904347,45.07448586272727,45.08782146067974,45.08678727694651,45.07448586272728,45.0904347
45.10160394,45.089449830909096,45.1002879869536,45.099858057599185,45.08944983090909,45.10160394
45.11078732,45.10340233636364,45.109587296384284,45.1102768292542,45.103402336363644,45.11078732
45.11668039,45.11611211181818,45.117437960112646,45.119248855174945,45.11611211181818,45.11668039
45.1247334,45.12757870272727,45.12593213912086,45.12771758687658,45.12757870272726,45.1247334
45.13582898,45.13789563909091,45.1358978657573,45.136653990023426,45.13789563909091,45.13582898
45.14638934,45.14760118454546,45.1466704418685,45.146351882447675,45.14760118454546,45.14638934
45.15801968,45.156771430909096,45.15752088673617,45.157005085687764,45.15677143090909,45.15801968
45.16836025,45.165118333636364,45.16777445764418,45.168382543077044,45.165118333636364,45.16836025
45.17711985,45.17268581545454,45.1773920878934,45.17907523165513,45.17268581545455,45.17711985
45.18689418,45.17889372545455,45.18680030120246,45.18836707102576,45.178893725454536,45.18689418
45.1971957,45.18343483,45.19506731037331,45.19548749223789,45.18343483,45.18689418
45.20247665,45.18634950090909,45.20008905669336,45.19966062270409,45.18634950090909,45.18689418
45.20260325,45.18724818363636,45.20096373521879,45.20104997279733,45.18724818363636,45.18689418
45.19992269,,,45.199128641072285,41.08103361545455,45.18689418
45.19302041,,,45.194603871317035,36.97402272,45.18689418
45.18578113,,,45.18763258333335,32.86612324909091,45.18578113
45.17845072,,,45.17837169692307,28.757287276363638,45.17845072
45.16790519,,,45.16697813188809,24.64797121727273,45.16790519
