index,value
0,6
1,10
2,14
3,7
4,11
5,7
6,11
7,15
8,12
9,6
10,9
11,9
12,9
13,3
14,9
15,10
16,7
17,10
18,11
19,9
20,9
21,8
22,12
23,8
24,11
25,6
26,6
27,6
28,7
29,7
30,8
31,12
32,12
33,8
34,13
35,5
36,8
37,8
38,9
39,7
40,2
41,11
42,6
43,8
44,12
45,9
46,12
47,11
48,8
49,6
50,5
51,5
52,13
53,4
54,7
55,13
56,9
57,9
58,10
59,9
60,10
61,16
62,11
63,8
64,9
65,4
66,14
67,11
68,8
69,11
70,12
71,14
72,7
73,10
74,4
75,6
76,9
77,5
78,6
79,12
80,4
81,11
82,10
83,8
84,11
85,5
86,4
87,12
88,11
89,6
90,4
91,7
92,8
93,8
94,12
95,9
96,4
97,6
98,9
99,11
100,5
101,7
102,13
103,6
104,10
105,4
106,6
107,9
108,4
109,13
110,5
111,12
112,3
113,7
114,12
115,10
116,4
117,7
118,4
119,5
120,4
121,10
122,8
123,17
124,10
125,9
126,4
127,3
128,7
129,12
130,7
131,8
132,11
133,14
134,4
135,7
136,4
137,8
138,7
139,5
140,11
141,10
142,12
143,14
144,8
145,9
146,14
147,8
148,5
149,11
150,14
151,8
152,10
153,11
154,4
155,11
156,9
157,7
158,10
159,9
160,8
161,8
162,8
163,14
164,8
165,6
166,12
167,4
168,3
169,5
170,10
171,5
172,10
173,8
174,11
175,10
176,2
177,6
178,6
179,10
180,6
181,12
182,7
183,5
184,6
185,6
186,10
187,9
188,4
189,8
190,7
191,8
192,10
193,7
194,10
195,17
196,11
197,13
198,4
199,15
200,8
201,7
202,10
203,13
204,9
205,5
206,12
207,10
208,15
209,8
210,4
211,8
212,6
213,7
214,10
215,5
216,6
217,4
218,11
219,13
220,6
221,17
222,8
223,9
224,19
225,11
226,11
227,3
228,12
229,4
230,8
231,7
232,11
233,8
234,7
235,13
236,7
237,10
238,8
239,5
240,8
241,12
242,6
243,8
244,11
245,2
246,5
247,15
248,9
249,18
250,12
251,12
252,7
253,9
254,10
255,10
256,10
257,16
258,8
259,13
260,9
261,6
262,18
263,14
264,11
265,5
266,7
267,11
268,12
269,6
270,7
271,4
272,13
273,12
274,11
275,11
276,5
277,11
278,6
279,6
280,6
281,8
282,8
283,10
284,6
285,8
286,2
287,6
288,5
289,11
290,8
291,8
292,7
293,4
294,9
295,6
296,5
297,9
298,4
299,8
300,8
301,10
302,7
303,7
304,10
305,4
306,11
307,11
308,11
309,15
310,7
311,9
312,11
313,12
314,6
315,8
316,8
317,12
318,12
319,6
320,6
321,5
322,12
323,9
324,8
325,11
326,7
327,8
328,9
329,5
330,5
331,5
332,6
333,10
334,10
335,6
336,5
337,6
338,7
339,8
340,7
341,9
342,7
343,11
344,9
345,5
346,13
347,13
348,11
349,8
350,9
351,10
352,9
353,13
354,10
355,15
356,11
357,9
358,6
359,11
360,10
361,6
362,6
363,5
364,8
365,7
366,11
367,8
368,10
369,6
370,8
371,6
372,9
373,5
374,11
375,16
376,6
377,8
378,8
379,9
380,5
381,9
382,4
383,6
384,6
385,5
386,5
387,6
388,4
389,4
390,7
391,11
392,11
393,10
394,12
395,8
396,9
397,9
398,12
399,13
400,12
401,7
402,10
403,4
404,8
405,5
406,3
407,4
408,11
409,11
410,9
411,4
412,11
413,7
414,10
415,14
416,5
417,8
418,13
419,11
420,5
421,9
422,8
423,9
424,13
425,4
426,5
427,8
428,8
429,6
430,13
431,2
432,9
433,6
434,11
435,10
436,6
437,10
438,11
439,11
440,9
441,13
442,8
443,11
444,5
445,12
446,2
447,12
448,6
449,13
450,8
451,10
452,12
453,5
454,9
455,6
456,13
457,3
458,14
459,7
460,8
461,13
462,12
463,6
464,7
465,13
466,8
467,5
468,7
469,14
470,14
471,5
472,7
473,9
474,8
475,7
476,4
477,5
478,16
479,9
480,14
481,3
482,12
483,13
484,12
485,8
486,8
487,9
488,12
489,9
490,8
491,5
492,9
493,12
494,11
495,7
496,9
497,12
498,9
499,11
500,2
501,6
502,10
503,8
504,9
505,4
506,7
507,12
508,5
509,10
510,5
511,3
512,10
513,10
514,8
515,9
516,5
517,9
518,10
519,8
520,11
521,11
522,11
523,13
524,9
525,7
526,7
527,10
528,8
529,8
530,8
531,6
532,13
533,9
534,13
535,10
536,8
537,13
538,8
539,7
540,8
541,4
542,2
543,7
544,7
545,5
546,9
547,9
548,12
549,7
550,14
551,5
552,8
553,5
554,7
555,5
556,5
557,7
558,7
559,5
560,12
561,6
562,7
563,6
564,9
565,7
566,6
567,9
568,4
569,10
570,5
571,3
572,7
573,6
574,7
575,12
576,4
577,6
578,8
579,10
580,8
581,9
582,7
583,4
584,5
585,12
586,8
587,8
588,3
589,6
590,6
591,7
592,4
593,7
594,5
595,1
596,5
597,8
598,9
599,10
600,6
601,5
602,5
603,7
604,10
605,6
606,6
607,12
608,10
609,9
610,8
611,7
612,11
613,8
614,10
615,10
616,7
617,8
618,2
619,12
620,4
621,9
622,5
623,6
624,3
625,12
626,7
627,8
628,4
629,14
630,10
631,4
632,7
633,7
634,11
635,7
636,11
637,11
638,9
639,14
640,9
641,8
642,11
643,7
644,7
645,12
646,6
647,6
648,8
649,13
650,8
651,11
652,9
653,6
654,10
655,10
656,13
657,5
658,5
659,7
660,8
661,8
662,13
663,9
664,16
665,9
666,4
667,10
668,11
669,9
670,6
671,9
672,7
673,8
674,13
675,9
676,13
677,8
678,6
679,3
680,7
681,10
682,11
683,7
684,12
685,13
686,6
687,12
688,6
689,10
690,6
691,7
692,11
693,12
694,5
695,8
696,11
697,11
698,8
699,5
700,6
701,13
702,5
703,6
704,10
705,15
706,6
707,13
708,11
709,6
710,9
711,4
712,8
713,11
714,8
715,6
716,7
717,14
718,9
719,8
720,16
721,9
722,10
723,7
724,12
725,8
726,12
727,10
728,16
729,8
730,11
731,10
732,11
733,12
734,13
735,9
736,11
737,9
738,8
739,6
740,10
741,11
742,6
743,16
744,6
745,19
746,16
747,13
748,5
749,8
750,7
751,12
752,9
753,4
754,6
755,12
756,10
757,7
758,13
759,13
760,10
761,10
762,8
763,3
764,7
765,2
766,5
767,4
768,9
769,9
770,8
771,4
772,9
773,11
774,7
775,8
776,11
777,6
778,8
779,5
780,13
781,8
782,6
783,15
784,7
785,18
786,4
787,10
788,7
789,13
790,7
791,14
792,15
793,16
794,8
795,10
796,13
797,7
798,15
799,8
800,8
801,9
802,10
803,7
804,13
805,15
806,11
807,9
808,11
809,15
810,8
811,11
812,9
813,5
814,9
815,11
816,17
817,6
818,11
819,12
820,11
821,11
822,8
823,4
824,10
825,7
826,11
827,11
828,7
829,10
830,10
831,7
832,12
833,8
834,17
835,6
836,5
837,8
838,7
839,6
840,8
841,11
842,9
843,5
844,7
845,7
846,7
847,8
848,9
849,10
850,8
851,8
852,11
853,11
854,9
855,9
856,12
857,15
858,13
859,12
860,8
861,10
862,16
863,7
864,11
865,5
866,10
867,11
868,10
869,14
870,4
871,8
872,9
873,7
874,6
875,9
876,17
877,11
878,5
879,8
880,12
881,10
882,8
883,13
884,9
885,5
886,12
887,7
888,14
889,10
890,9
891,5
892,12
893,5
894,10
895,6
896,6
897,11
898,8
899,11
900,9
901,8
902,6
903,16
904,13
905,13
906,18
907,7
908,10
909,16
910,10
911,12
912,11
913,12
914,15
915,3
916,12
917,10
918,5
919,18
920,20
921,8
922,4
923,9
924,8
925,16
926,12
927,6
928,7
929,8
930,6
931,13
932,8
933,8
934,5
935,8
936,4
937,7
938,7
939,10
940,15
941,8
942,4
943,10
944,11
945,6
946,11
947,8
948,10
949,12
950,6
951,13
952,9
953,4
954,6
955,7
956,9
957,8
958,7
959,6
960,7
961,5
962,7
963,8
964,7
965,6
966,6
967,7
968,15
969,9
970,10
971,8
972,10
973,3
974,8
975,14
976,10
977,8
978,5
979,9
980,9
981,8
982,6
983,14
984,11
985,4
986,7
987,9
988,10
989,9
990,11
991,9
992,11
993,10
994,11
995,9
996,12
997,10
998,12
999,12
1000,8
1001,9
1002,12
1003,12
1004,6
1005,8
1006,6
1007,9
1008,5
1009,5
1010,13
1011,8
1012,14
1013,8
1014,7
1015,9
1016,8
1017,4
1018,9
1019,6
1020,9
1021,15
1022,6
1023,11
1024,8
1025,9
1026,12
1027,8
1028,10
1029,6
1030,6
1031,8
1032,10
1033,8
1034,7
1035,15
1036,8
1037,9
1038,8
1039,9
1040,8
1041,9
1042,10
1043,3
1044,7
1045,12
1046,11
1047,15
1048,6
1049,6
1050,9
1051,7
1052,5
1053,4
1054,7
1055,4
1056,9
1057,8
1058,8
1059,9
1060,6
1061,6
1062,14
1063,8
1064,14
1065,12
1066,6
1067,6
1068,6
1069,1
1070,9
1071,5
1072,5
1073,9
1074,13
1075,9
1076,9
1077,4
1078,13
1079,8
1080,12
1081,8
1082,6
1083,8
1084,8
1085,10
1086,9
1087,15
1088,12
1089,6
1090,13
1091,7
1092,7
1093,7
1094,9
1095,12
1096,19
1097,5
1098,6
1099,9
1100,5
1101,6
1102,8
1103,12
1104,4
1105,5
1106,9
1107,6
1108,5
1109,13
1110,8
1111,11
1112,17
1113,9
1114,13
1115,14
1116,5
1117,1
1118,5
1119,13
1120,6
1121,9
1122,5
1123,11
1124,9
1125,9
1126,10
1127,9
1128,12
1129,12
1130,11
1131,8
1132,7
1133,7
1134,11
1135,10
1136,8
1137,9
1138,12
1139,6
1140,19
1141,15
1142,8
1143,8
1144,10
1145,12
1146,13
1147,14
1148,9
1149,8
1150,12
1151,12
1152,12
1153,7
1154,13
1155,9
1156,6
1157,13
1158,11
1159,8
1160,8
1161,12
1162,9
1163,9
1164,8
1165,6
1166,11
1167,9
1168,10
1169,8
1170,10
1171,9
1172,10
1173,7
1174,10
1175,8
1176,9
1177,5
1178,13
1179,10
1180,13
1181,15
1182,13
1183,7
1184,11
1185,7
1186,12
1187,5
1188,7
1189,9
1190,4
1191,10
1192,10
1193,15
1194,7
1195,9
1196,8
1197,9
1198,10
1199,10
1200,6
1201,9
1202,4
1203,5
1204,7
1205,3
1206,14
1207,7
1208,10
1209,6
1210,12
1211,7
1212,6
1213,13
1214,5
1215,11
1216,7
1217,11
1218,11
1219,12
1220,7
1221,9
1222,12
1223,10
1224,8
1225,6
1226,7
1227,5
1228,6
1229,6
1230,8
1231,4
1232,10
1233,10
1234,5
1235,5
1236,10
1237,11
1238,7
1239,7
1240,4
1241,10
1242,11
1243,10
1244,7
1245,6
1246,3
1247,3
1248,2
1249,10
1250,9
1251,10
1252,14
1253,2
1254,7
1255,8
1256,6
1257,6
1258,4
1259,7
1260,8
1261,16
1262,8
1263,7
1264,10
1265,4
1266,13
1267,6
1268,9
1269,5
1270,8
1271,7
1272,13
1273,4
1274,8
1275,10
1276,14
1277,8
1278,10
1279,5
1280,9
1281,11
1282,8
1283,7
1284,8
1285,10
1286,9
1287,12
1288,4
1289,7
1290,7
1291,3
1292,8
1293,5
1294,7
1295,10
1296,9
1297,15
1298,6
1299,4
1300,7
1301,7
1302,11
1303,4
1304,7
1305,8
1306,10
1307,8
1308,7
1309,8
1310,8
1311,5
1312,9
1313,9
1314,12
1315,11
1316,8
1317,2
1318,9
1319,2
1320,8
1321,11
1322,13
1323,7
1324,5
1325,12
1326,5
1327,8
1328,9
1329,7
1330,10
1331,6
1332,5
1333,7
1334,8
1335,7
1336,6
1337,9
1338,5
1339,7
1340,3
1341,9
1342,6
1343,5
1344,5
1345,7
1346,6
1347,5
1348,8
1349,11
1350,5
1351,9
1352,6
1353,4
1354,8
1355,7
1356,8
1357,6
1358,10
1359,11
1360,4
1361,4
1362,5
1363,5
1364,13
1365,1
1366,9
1367,6
1368,5
1369,3
1370,4
1371,8
1372,4
1373,12
1374,6
1375,4
1376,11
1377,8
1378,6
1379,7
1380,5
1381,10
1382,5
1383,5
1384,5
1385,8
1386,6
1387,4
1388,1
1389,6
1390,4
1391,5
1392,12
1393,5
1394,12
1395,9
1396,5
1397,5
1398,10
1399,4
1400,9
1401,10
1402,3
1403,10
1404,6
1405,7
1406,4
1407,5
1408,10
1409,6
1410,7
1411,7
1412,8
1413,5
1414,2
1415,8
1416,8
1417,4
1418,4
1419,9
1420,9
1421,6
1422,7
1423,6
1424,11
1425,14
1426,12
1427,10
1428,4
1429,8
1430,8
1431,12
1432,5
1433,2
1434,3
1435,5
1436,11
1437,7
1438,10
1439,12
1440,10
1441,5
1442,2
1443,10
1444,8
1445,8
1446,12
1447,14
1448,12
1449,8
1450,9
1451,7
1452,8
1453,8
1454,6
1455,10
1456,6
1457,5
1458,7
1459,12
1460,7
1461,6
1462,7
1463,10
1464,8
1465,3
1466,2
1467,7
1468,6
1469,4
1470,3
1471,10
1472,7
1473,12
1474,7
1475,10
1476,9
1477,12
1478,14
1479,5
1480,9
1481,11
1482,3
1483,7
1484,4
1485,10
1486,4
1487,9
1488,4
1489,9
1490,4
1491,7
1492,7
1493,7
1494,10
1495,7
1496,9
1497,11
1498,6
1499,5
1500,10
1501,9
1502,4
1503,7
1504,6
1505,13
1506,10
1507,12
1508,5
1509,5
1510,10
1511,12
1512,10
1513,2
1514,4
1515,5
1516,6
1517,7
1518,7
1519,8
1520,3
1521,8
1522,5
1523,7
1524,6
1525,12
1526,10
1527,8
1528,10
1529,10
1530,9
1531,11
1532,3
1533,11
1534,9
1535,5
1536,7
1537,9
1538,14
1539,8
1540,6
1541,5
1542,15
1543,4
1544,5
1545,8
1546,4
1547,12
1548,9
1549,1
1550,7
1551,3
1552,7
1553,9
1554,6
1555,9
1556,5
1557,9
1558,7
1559,4
1560,7
1561,9
1562,11
1563,9
1564,10
1565,8
1566,7
1567,6
1568,4
1569,7
1570,8
1571,7
1572,9
1573,11
1574,6
1575,8
1576,5
1577,6
1578,8
1579,12
1580,10
1581,10
1582,5
1583,4
1584,10
1585,9
1586,6
1587,9
1588,3
1589,12
1590,6
1591,7
1592,8
1593,6
1594,5
1595,12
1596,9
1597,7
1598,6
1599,12
1600,9
1601,8
1602,10
1603,10
1604,8
1605,6
1606,8
1607,7
1608,7
1609,6
1610,12
1611,7
1612,7
1613,5
1614,10
1615,10
1616,11
1617,10
1618,6
1619,14
1620,6
1621,10
1622,12
1623,7
1624,8
1625,13
1626,6
1627,7
1628,10
1629,5
1630,9
1631,4
1632,6
1633,7
1634,7
1635,13
1636,10
1637,16
1638,10
1639,12
1640,12
1641,9
1642,5
1643,9
1644,6
1645,7
1646,4
1647,7
1648,9
1649,8
1650,6
1651,10
1652,8
1653,2
1654,5
1655,8
1656,9
1657,7
1658,8
1659,8
1660,12
1661,10
1662,14
1663,3
1664,9
1665,5
1666,4
1667,6
1668,7
1669,8
1670,5
1671,10
1672,5
1673,7
1674,4
1675,8
1676,12
1677,7
1678,9
1679,15
1680,9
1681,11
1682,15
1683,10
1684,3
1685,8
1686,10
1687,6
1688,8
1689,12
1690,8
1691,4
1692,8
1693,4
1694,3
1695,5
1696,6
1697,3
1698,11
1699,2
1700,7
1701,11
1702,5
1703,8
1704,7
1705,7
1706,8
1707,8
1708,2
1709,4
1710,4
1711,4
1712,4
1713,5
1714,8
1715,3
1716,9
1717,8
1718,6
1719,3
1720,0
1721,3
1722,4
1723,12
1724,5
1725,5
1726,5
1727,5
1728,4
1729,6
1730,6
1731,3
1732,8
1733,6
1734,3
1735,6
1736,7
1737,5
1738,9
1739,8
1740,10
1741,8
1742,2
1743,4
1744,5
1745,2
1746,6
1747,3
1748,1
1749,1
1750,4
1751,8
1752,12
1753,10
1754,9
1755,7
1756,12
1757,8
1758,6
1759,10
1760,3
1761,10
1762,5
1763,11
1764,6
1765,6
1766,13
1767,8
1768,7
1769,10
1770,10
1771,6
1772,10
1773,6
1774,9
1775,15
1776,6
1777,8
1778,5
1779,7
1780,6
1781,9
1782,6
1783,8
1784,9
1785,5
1786,6
1787,7
1788,9
1789,6
1790,6
1791,2
1792,7
1793,7
1794,6
1795,8
1796,8
1797,7
1798,5
1799,8
1800,6
1801,6
1802,9
1803,8
1804,5
1805,6
1806,7
1807,5
1808,4
1809,1
1810,5
1811,9
1812,9
1813,7
1814,7
1815,10
1816,9
1817,11
1818,13
1819,8
1820,8
1821,7
1822,10
1823,9
1824,9
1825,10
1826,5
1827,8
1828,9
1829,10
1830,6
1831,6
1832,8
1833,9
1834,7
1835,10
1836,9
1837,4
1838,6
1839,10
1840,11
1841,13
1842,7
1843,6
1844,5
1845,10
1846,6
1847,7
1848,7
1849,12
1850,11
1851,10
1852,9
1853,8
1854,11
1855,6
1856,5
1857,5
1858,8
1859,4
1860,7
1861,7
1862,5
1863,5
1864,7
1865,8
1866,6
1867,5
1868,9
1869,6
1870,11
1871,9
1872,6
1873,10
1874,10
1875,9
1876,14
1877,6
1878,10
1879,6
1880,2
1881,7
1882,10
1883,8
1884,5
1885,4
1886,7
1887,4
1888,12
1889,3
1890,6
1891,2
1892,11
1893,10
1894,4
1895,10
1896,8
1897,7
1898,9
1899,4
1900,16
1901,9
1902,10
1903,4
1904,7
1905,4
1906,6
1907,9
1908,6
1909,11
1910,11
1911,6
1912,6
1913,6
1914,17
1915,5
1916,4
1917,6
1918,4
1919,8
1920,8
1921,8
1922,4
1923,8
1924,10
1925,7
1926,8
1927,3
1928,9
1929,10
1930,5
1931,10
1932,8
1933,5
1934,8
1935,6
1936,16
1937,8
1938,9
1939,5
1940,10
1941,6
1942,8
1943,13
1944,11
1945,5
1946,8
1947,6
1948,12
1949,3
1950,11
1951,7
1952,10
1953,11
1954,12
1955,7
1956,11
1957,9
1958,6
1959,7
1960,7
1961,7
1962,9
1963,8
1964,9
1965,6
1966,8
1967,12
1968,13
1969,7
1970,8
1971,11
1972,6
1973,13
1974,5
1975,4
1976,5
1977,5
1978,4
1979,8
1980,4
1981,4
1982,9
1983,5
1984,4
1985,9
1986,13
1987,10
1988,16
1989,6
1990,7
1991,8
1992,5
1993,8
1994,4
1995,9
1996,10
1997,12
1998,5
1999,8
2000,13
2001,5
2002,10
2003,6
2004,8
2005,4
2006,6
2007,10
2008,8
2009,2
2010,9
2011,6
2012,11
2013,4
2014,9
2015,5
2016,5
2017,11
2018,8
2019,7
2020,8
2021,12
2022,13
2023,13
2024,11
2025,8
2026,16
2027,6
2028,12
2029,11
2030,10
2031,8
2032,10
2033,10
2034,7
2035,8
2036,12
2037,4
2038,11
2039,7
2040,8
2041,9
2042,7
2043,8
2044,9
2045,7
2046,6
2047,12
2048,10
2049,7
2050,4
2051,7
2052,7
2053,6
2054,4
2055,9
2056,7
2057,9
2058,5
2059,8
2060,8
2061,4
2062,5
2063,8
2064,6
2065,6
2066,12
2067,7
2068,7
2069,10
2070,6
2071,10
2072,5
2073,12
2074,10
2075,13
2076,7
2077,12
2078,13
2079,8
2080,6
2081,15
2082,9
2083,8
2084,5
2085,8
2086,16
2087,10
2088,8
2089,11
2090,7
2091,8
2092,13
2093,11
2094,7
2095,11
2096,9
2097,2
2098,13
2099,11
2100,13
2101,7
2102,14
2103,16
2104,11
2105,5
2106,5
2107,5
2108,5
2109,10
2110,6
2111,8
2112,7
2113,6
2114,8
2115,7
2116,11
2117,7
2118,8
2119,7
2120,9
2121,9
2122,9
2123,5
2124,5
2125,15
2126,6
2127,6
2128,10
2129,8
2130,7
2131,3
2132,6
2133,6
2134,9
2135,5
2136,5
2137,7
2138,2
2139,7
2140,8
2141,6
2142,2
2143,4
2144,6
2145,8
2146,13
2147,8
2148,7
2149,9
2150,10
2151,8
2152,4
2153,9
2154,8
2155,6
2156,12
2157,10
2158,4
2159,16
2160,12
2161,11
2162,11
2163,6
2164,7
2165,9
2166,4
2167,3
2168,13
2169,9
2170,7
2171,8
2172,4
2173,4
2174,4
2175,7
2176,6
2177,5
2178,9
2179,5
2180,2
2181,3
2182,11
2183,8
2184,9
2185,8
2186,4
2187,12
2188,6
2189,9
2190,8
2191,7
2192,9
2193,4
2194,10
2195,10
2196,9
2197,5
2198,8
2199,5
2200,8
2201,10
2202,12
2203,10
2204,13
2205,10
2206,7
2207,2
2208,8
2209,9
2210,6
2211,4
2212,5
2213,7
2214,6
2215,5
2216,7
2217,6
2218,9
2219,8
2220,11
2221,6
2222,8
2223,7
2224,4
2225,3
2226,3
2227,11
2228,5
2229,6
2230,9
2231,6
2232,8
2233,12
2234,3
2235,9
2236,8
2237,5
2238,6
2239,5
2240,8
2241,6
2242,7
2243,6
2244,6
2245,6
2246,7
2247,9
2248,7
2249,8
2250,8
2251,10
2252,10
2253,9
2254,7
2255,8
2256,2
2257,9
2258,6
2259,9
2260,6
2261,10
2262,1
2263,8
2264,6
2265,6
2266,8
2267,6
2268,6
2269,8
2270,2
2271,2
2272,7
2273,6
2274,5
2275,5
2276,10
2277,3
2278,9
2279,7
2280,5
2281,10
2282,4
2283,5
2284,0
2285,4
2286,8
2287,3
2288,4
2289,6
2290,6
2291,6
2292,4
2293,12
2294,7
2295,11
2296,8
2297,5
2298,7
2299,2
2300,7
2301,4
2302,9
2303,5
2304,8
2305,4
2306,12
2307,7
2308,6
2309,7
2310,4
2311,6
2312,9
2313,3
2314,3
2315,5
2316,4
2317,4
2318,5
2319,6
2320,2
2321,2
2322,4
2323,9
2324,4
2325,6
2326,7
2327,9
2328,12
2329,4
2330,6
2331,6
2332,7
2333,11
2334,10
2335,9
2336,6
2337,5
2338,7
2339,10
2340,5
2341,6
2342,6
2343,11
2344,10
2345,11
2346,5
2347,7
2348,11
2349,11
2350,5
2351,7
2352,4
2353,10
2354,13
2355,6
2356,9
2357,4
2358,2
2359,4
2360,5
2361,9
2362,4
2363,10
2364,12
2365,7
2366,11
2367,5
2368,3
2369,7
2370,5
2371,5
2372,7
2373,6
2374,7
2375,7
2376,6
2377,9
2378,5
2379,2
2380,6
2381,9
2382,9
2383,9
2384,5
2385,8
2386,7
2387,6
2388,7
2389,9
2390,0
2391,9
2392,10
2393,5
2394,8
2395,6
2396,9
2397,2
2398,10
2399,5
2400,6
2401,10
2402,7
2403,9
2404,8
2405,5
2406,6
2407,9
2408,7
2409,2
2410,6
2411,6
2412,8
2413,5
2414,4
2415,5
2416,9
2417,8
2418,2
2419,8
2420,7
2421,4
2422,6
2423,11
2424,10
2425,8
2426,4
2427,5
2428,11
2429,8
2430,10
2431,7
2432,7
2433,7
2434,4
2435,6
2436,8
2437,7
2438,8
2439,5
2440,8
2441,8
2442,4
2443,2
2444,4
2445,8
2446,6
2447,7
2448,2
2449,4
2450,5
2451,3
2452,6
2453,11
2454,12
2455,6
2456,6
2457,3
2458,5
2459,8
2460,7
2461,14
2462,7
2463,6
2464,6
2465,10
2466,7
2467,11
2468,11
2469,5
2470,5
2471,12
2472,9
2473,9
2474,8
2475,7
2476,7
2477,9
2478,10
2479,12
2480,9
2481,10
2482,10
2483,15
2484,10
2485,7
2486,7
2487,10
2488,9
2489,8
2490,10
2491,9
2492,11
2493,4
2494,7
2495,9
2496,5
2497,9
2498,7
2499,8
2500,8
2501,8
2502,6
2503,9
2504,7
2505,8
2506,3
2507,10
2508,6
2509,12
2510,4
2511,9
2512,8
2513,2
2514,4
2515,9
2516,11
2517,10
2518,10
2519,3
2520,8
2521,11
2522,9
2523,8
2524,8
2525,6
2526,10
2527,8
2528,5
2529,3
2530,8
2531,2
2532,10
2533,4
2534,6
2535,9
2536,12
2537,4
2538,4
2539,9
2540,5
2541,7
2542,3
2543,12
2544,11
2545,3
2546,4
2547,10
2548,8
2549,12
2550,7
2551,6
2552,6
2553,11
2554,6
2555,5
2556,8
2557,6
2558,6
2559,11
2560,9
2561,4
2562,10
2563,8
2564,6
2565,7
2566,7
2567,4
2568,4
2569,3
2570,2
2571,7
2572,6
2573,4
2574,8
2575,6
2576,2
2577,7
2578,8
2579,9
2580,9
2581,7
2582,7
2583,5
2584,10
2585,5
2586,5
2587,8
2588,2
2589,8
2590,12
2591,6
2592,4
2593,18
2594,10
2595,6
2596,4
2597,9
2598,7
2599,11
2600,7
2601,5
2602,10
2603,6
2604,6
2605,10
2606,6
2607,7
2608,5
2609,11
2610,8
2611,7
2612,10
2613,9
2614,9
2615,7
2616,13
2617,4
2618,8
2619,6
2620,3
2621,4
2622,4
2623,6
2624,6
2625,6
2626,9
2627,4
2628,5
2629,10
2630,5
2631,5
2632,5
2633,7
2634,5
2635,9
2636,5
2637,7
2638,5
2639,12
2640,7
2641,8
2642,6
2643,10
2644,4
2645,10
2646,6
2647,6
2648,12
2649,5
2650,9
2651,6
2652,10
2653,6
2654,9
2655,10
2656,8
2657,6
2658,10
2659,6
2660,15
2661,8
2662,11
2663,9
2664,8
2665,6
2666,8
2667,8
2668,6
2669,9
2670,6
2671,11
2672,8
2673,5
2674,12
2675,7
2676,8
2677,12
2678,6
2679,7
2680,8
2681,13
2682,4
2683,7
2684,12
2685,8
2686,10
2687,3
2688,5
2689,7
2690,8
2691,7
2692,8
2693,8
2694,8
2695,5
2696,7
2697,6
2698,8
2699,7
2700,6
2701,3
2702,2
2703,11
2704,15
2705,3
2706,5
2707,5
2708,7
2709,6
2710,9
2711,9
2712,7
2713,9
2714,10
2715,9
2716,15
2717,8
2718,9
2719,11
2720,7
2721,9
2722,11
2723,10
2724,10
2725,10
2726,7
2727,5
2728,8
2729,6
2730,6
2731,6
2732,4
2733,12
2734,11
2735,8
2736,12
2737,10
2738,15
2739,13
2740,8
2741,8
2742,7
2743,9
2744,7
2745,12
2746,9
2747,8
2748,10
2749,5
2750,8
2751,9
2752,7
2753,6
2754,7
2755,7
2756,11
2757,7
2758,8
2759,10
2760,12
2761,5
2762,9
2763,13
2764,7
2765,6
2766,7
2767,9
2768,8
2769,11
2770,8
2771,10
2772,5
2773,7
2774,6
2775,12
2776,5
2777,7
2778,13
2779,12
2780,15
2781,4
2782,11
2783,9
2784,7
2785,10
2786,6
2787,6
2788,9
2789,7
2790,5
2791,6
2792,7
2793,5
2794,7
2795,5
2796,6
2797,8
2798,5
2799,8
2800,9
2801,10
2802,9
2803,7
2804,8
2805,9
2806,6
2807,11
2808,5
2809,4
2810,4
2811,7
2812,3
2813,6
2814,5
2815,5
2816,7
2817,4
2818,3
2819,8
2820,14
2821,8
2822,10
2823,8
2824,5
2825,13
2826,13
2827,5
2828,8
2829,12
2830,9
2831,6
2832,6
2833,11
2834,12
2835,11
2836,5
2837,7
2838,2
2839,11
2840,9
2841,5
2842,8
2843,8
2844,9
2845,6
2846,8
2847,11
2848,9
2849,9
2850,12
2851,10
2852,6
2853,7
2854,6
2855,5
2856,7
2857,5
2858,7
2859,8
2860,4
2861,6
2862,12
2863,5
2864,9
2865,4
2866,7
2867,11
2868,6
2869,1
2870,5
2871,8
2872,7
2873,7
2874,5
2875,5
2876,5
2877,3
2878,10
2879,4
2880,10
2881,8
2882,7
2883,4
2884,3
2885,2
2886,5
2887,4
2888,11
2889,11
2890,9
2891,12
2892,9
2893,8
2894,4
2895,9
2896,9
2897,8
2898,16
2899,7
2900,10
2901,8
2902,5
2903,6
2904,4
2905,14
2906,7
2907,9
2908,11
2909,8
2910,10
2911,6
2912,6
2913,4
2914,8
2915,11
2916,10
2917,9
2918,7
2919,12
2920,7
2921,9
2922,9
2923,9
2924,8
2925,13
2926,10
2927,9
2928,10
2929,5
2930,14
2931,5
2932,4
2933,7
2934,11
2935,6
2936,12
2937,9
2938,9
2939,8
2940,11
2941,6
2942,3
2943,8
2944,7
2945,13
2946,5
2947,13
2948,9
2949,12
2950,2
2951,10
2952,5
2953,10
2954,11
2955,8
2956,8
2957,9
2958,9
2959,10
2960,13
2961,5
2962,9
2963,9
2964,11
2965,8
2966,7
2967,6
2968,8
2969,12
2970,7
2971,11
2972,13
2973,8
2974,6
2975,4
2976,9
2977,6
2978,6
2979,4
2980,8
2981,9
2982,7
2983,2
2984,3
2985,13
2986,10
2987,6
2988,11
2989,6
2990,8
2991,7
2992,7
2993,5
2994,2
2995,8
2996,10
2997,10
2998,12
2999,7
3000,6
3001,9
3002,4
3003,8
3004,7
3005,5
3006,9
3007,5
3008,9
3009,14
3010,6
3011,7
3012,10
3013,9
3014,3
3015,7
3016,6
3017,3
3018,10
3019,10
3020,15
3021,9
3022,9
3023,10
3024,9
3025,8
3026,9
3027,12
3028,5
3029,9
3030,12
3031,8
3032,10
3033,7
3034,11
3035,8
3036,10
3037,9
3038,7
3039,5
3040,8
3041,2
3042,11
3043,5
3044,8
3045,5
3046,14
3047,7
3048,7
3049,10
3050,8
3051,8
3052,9
3053,15
3054,10
3055,8
3056,8
3057,11
3058,5
3059,12
3060,6
3061,10
3062,8
3063,5
3064,7
3065,8
3066,5
3067,9
3068,11
3069,10
3070,8
3071,7
3072,8
3073,12
3074,12
3075,8
3076,6
3077,6
3078,9
3079,4
3080,8
3081,8
3082,5
3083,6
3084,13
3085,6
3086,14
3087,6
3088,6
3089,4
3090,7
3091,4
3092,12
3093,7
3094,12
3095,7
3096,7
3097,5
3098,8
3099,6
3100,8
3101,7
3102,7
3103,5
3104,9
3105,8
3106,8
3107,8
3108,8
3109,10
3110,7
3111,10
3112,5
3113,4
3114,7
3115,7
3116,6
3117,3
3118,7
3119,6
3120,5
3121,7
3122,5
3123,10
3124,4
3125,7
3126,8
3127,8
3128,4
3129,12
3130,13
3131,9
3132,8
3133,8
3134,5
3135,6
3136,6
3137,4
3138,7
3139,7
3140,11
3141,3
3142,2
3143,5
3144,8
3145,12
3146,4
3147,3
3148,5
3149,6
3150,5
3151,4
3152,6
3153,12
3154,8
3155,7
3156,11
3157,4
3158,5
3159,6
3160,5
3161,5
3162,4
3163,2
3164,7
3165,6
3166,10
3167,6
3168,4
3169,12
3170,7
3171,4
3172,4
3173,9
3174,7
3175,5
3176,8
3177,12
3178,4
3179,1
3180,6
3181,8
3182,4
3183,8
3184,2
3185,4
3186,6
3187,5
3188,8
3189,9
3190,5
3191,8
3192,8
3193,3
3194,4
3195,8
3196,6
3197,8
3198,7
3199,8
3200,2
3201,7
3202,9
3203,5
3204,10
3205,10
3206,4
3207,6
3208,4
3209,6
3210,4
3211,5
3212,14
3213,4
3214,7
3215,10
3216,6
3217,6
3218,7
3219,9
3220,8
3221,4
3222,12
3223,11
3224,13
3225,6
3226,1
3227,9
3228,3
3229,7
3230,6
3231,11
3232,11
3233,6
3234,4
3235,14
3236,5
3237,9
3238,7
3239,6
3240,7
3241,4
3242,11
3243,12
3244,8
3245,3
3246,13
3247,9
3248,6
3249,8
3250,6
3251,7
3252,8
3253,7
3254,9
3255,9
3256,10
3257,9
3258,10
3259,12
3260,11
3261,4
3262,5
3263,12
3264,5
3265,6
3266,8
3267,5
3268,7
3269,7
3270,6
3271,6
3272,5
3273,8
3274,4
3275,2
3276,9
3277,8
3278,3
3279,6
3280,1
3281,6
3282,4
3283,5
3284,3
3285,8
3286,6
3287,10
3288,11
3289,10
3290,8
3291,5
3292,12
